-0.618980,-0.185407,0.331065
-0.620767,-0.182210,0.335379
-0.615686,-0.182191,0.333777
-0.615647,-0.183811,0.332385
-0.617342,-0.185528,0.334017
-0.619004,-0.185462,0.332559
-0.619052,-0.185571,0.335547
-0.619052,-0.185571,0.335547
-0.619052,-0.185571,0.335547
-0.619052,-0.185571,0.335547
-0.619076,-0.185625,0.337040
-0.615704,-0.185649,0.336968
-0.615704,-0.185649,0.336968
-0.618994,-0.183733,0.330963
-0.595510,-0.214907,0.356193
-0.521430,-0.278847,0.398709
-0.595326,-0.216201,0.345839
-0.656483,-0.161764,0.240611
-0.668169,-0.169960,0.238823
-0.673859,-0.208519,0.198096
-0.675174,-0.299485,0.127697
-0.624159,-0.423119,0.071560
-0.641636,-0.418867,0.004637
-0.637868,-0.424827,-0.015940
-0.622379,-0.189683,-0.073851
-0.550680,-0.516234,-0.138901
-0.485765,-0.571122,-0.159314
-0.400786,-0.626533,-0.169705
-0.327107,-0.641448,-0.234468
-0.167198,-0.668361,-0.309322
-0.077663,-0.675415,-0.318296
-0.016882,-0.688435,-0.294990
0.010975,-0.703279,-0.260424
0.081294,-0.706594,-0.230470
0.128195,-0.697369,-0.218649
0.180240,-0.689691,-0.211315
0.208821,-0.678118,-0.214137
0.227954,-0.674317,-0.047918
0.247776,-0.654080,-0.240294
0.247776,-0.654080,-0.240294
0.367397,-0.576544,-0.284892
0.451242,-0.492767,-0.309720
0.503302,-0.397958,-0.355386
0.563158,-0.292685,-0.369085
0.582951,-0.044606,-0.389143
0.589323,-0.159787,-0.400124
0.583992,-0.081807,-0.430100
0.578319,-0.001186,-0.440861
0.566105,0.059444,-0.451747
0.566105,0.059444,-0.451747
0.487903,0.290383,-0.446269
0.269645,0.349971,-0.430243
0.420862,0.392110,-0.427181
0.411988,0.420198,-0.416784
0.413598,0.414891,-0.409045
0.434016,0.396385,-0.409851
0.469729,0.355843,-0.405174
0.510638,0.285737,-0.186761
0.493793,0.317440,-0.410803
0.455203,0.343752,-0.436896
0.377322,0.411869,-0.455745
0.354886,0.448423,-0.445569
0.319307,0.473896,-0.449328
0.263477,0.504588,-0.454453
0.213980,0.396592,-0.454224
0.188786,0.543239,-0.444754
0.181746,0.554572,-0.433373
0.144537,0.568227,-0.433395
0.066341,0.599769,-0.411265
0.014071,0.603540,-0.411844
-0.154195,0.581557,-0.414275
-0.158617,0.562681,-0.399616
-0.324334,0.533547,-0.389746
-0.406417,0.477255,-0.386004
-0.481565,0.407684,-0.386072
-0.541938,0.352477,-0.370951
-0.583799,0.295357,-0.353138
-0.627313,0.234097,-0.130214
-0.649215,0.194109,-0.311256
-0.670764,0.138738,-0.299953
-0.687625,-0.048602,-0.289630
-0.675178,-0.110418,-0.292085
-0.653977,-0.186927,-0.305753
-0.619500,-0.281090,-0.296283
-0.597408,-0.121605,-0.300550
-0.562954,-0.387018,-0.289557
-0.516815,-0.440591,-0.296232
-0.486005,-0.465375,-0.310289
-0.439990,-0.502150,-0.319477
-0.388957,-0.537341,-0.327381
-0.388957,-0.537341,-0.327381
-0.212345,-0.565698,-0.320567
-0.306069,-0.588532,-0.315635
-0.253679,-0.614232,-0.309250
-0.223008,-0.620545,-0.325923
-0.192621,-0.630913,-0.322974
-0.103380,-0.657418,-0.302445
0.006232,-0.676017,-0.091127
0.132290,-0.659894,-0.285093
0.258406,-0.606878,-0.300026
0.258406,-0.606878,-0.300026
0.569451,-0.261301,-0.360710
0.581023,-0.224331,-0.369181
0.590751,-0.150133,-0.390316
0.589243,0.053480,-0.420601
0.588092,0.001384,-0.421862
0.576094,0.040303,-0.432917
0.576046,0.040194,-0.429930
0.581547,-0.001536,-0.431970
0.583807,-0.071979,-0.424736
0.585610,-0.099052,-0.415672
0.350456,-0.151901,-0.381979
0.579382,-0.251543,-0.355564
0.543086,-0.360495,-0.337686
0.414590,-0.517132,-0.320840
0.242228,-0.617175,-0.334801
0.104409,-0.656223,-0.333875
-0.099578,-0.676066,-0.112890
-0.224253,-0.631492,-0.346086
-0.307118,-0.593912,-0.351041
-0.374839,-0.553091,-0.356525
-0.418793,-0.517187,-0.369678
-0.466266,-0.464515,-0.383778
-0.507088,-0.406977,-0.395341
-0.563337,-0.088604,-0.444850
-0.568483,-0.221982,-0.461918
-0.573776,-0.181490,-0.471725
-0.590267,-0.018702,-0.488760
-0.589118,0.036431,-0.489173
-0.582736,0.079970,-0.493462
-0.578198,0.124870,-0.488855
-0.336039,0.198343,-0.494164
-0.449235,0.369256,-0.484254
-0.324405,0.484264,-0.458249
-0.328364,0.503456,-0.434007
-0.309757,0.510294,-0.442280
-0.267137,0.509357,-0.471462
-0.076931,0.515055,-0.256602
0.005121,0.514428,-0.531355
0.034351,0.491602,-0.552948
0.065009,0.478429,-0.564732
0.107300,0.464792,-0.566312
0.129034,0.465932,-0.556427
0.164357,0.463791,-0.551109
0.221115,0.345027,-0.549562
0.271468,0.395049,-0.567127
0.314316,0.343392,-0.579806
0.314316,0.343392,-0.579806
0.381144,0.246308,-0.588744
0.408314,0.215817,-0.583005
0.427443,0.169186,-0.591003
0.256141,0.145441,-0.590281
0.449745,0.125499,-0.588822
0.448671,0.084196,-0.601174
0.429421,0.023367,-0.623855
0.413128,-0.012806,-0.636188
0.405291,-0.057518,-0.645205
0.400103,-0.069242,-0.323178
0.278055,-0.312071,-0.646243
0.258133,-0.360756,-0.635384
0.284901,-0.359706,-0.624114
0.108990,-0.403766,-0.660787
0.066953,-0.404926,-0.665757
0.053547,-0.402939,-0.671545
0.037879,-0.148293,-0.691230
0.035000,-0.416475,-0.662864
0.048489,-0.402904,-0.671437
0.035018,-0.413018,-0.666055
-0.047361,-0.458025,-0.651077
-0.099707,-0.459549,-0.643881
-0.136818,-0.454211,-0.644886
-0.110406,-0.439383,-0.644879
-0.216281,-0.420003,-0.649710
-0.236674,-0.387777,-0.658683
-0.274000,-0.347060,-0.667804
-0.323377,-0.286332,-0.673416
-0.381346,-0.237862,-0.661701
-0.427891,-0.194964,-0.317030
-0.420584,-0.003358,-0.670701
-0.356913,0.082398,-0.699679
-0.333299,0.097627,-0.710065
-0.303189,0.124203,-0.712346
-0.235763,0.152736,-0.730461
-0.188677,0.174333,-0.737279
-0.143454,0.204806,-0.738638
-0.080751,0.187296,-0.749367
-0.055099,0.157197,-0.754049
-0.059886,0.132227,-0.755398
-0.059886,0.132227,-0.755398
0.011557,0.206191,-0.737639
0.026549,0.221045,-0.735894
0.037943,0.214213,-0.734236
0.117921,0.180166,-0.733903
0.167325,0.133159,-0.738070
0.212851,0.107234,-0.724071
0.253162,0.096360,-0.709389
0.267998,0.117693,-0.702077
0.282489,0.113120,-0.351368
0.287890,0.125324,-0.686588
0.289976,0.102307,-0.697147
0.295051,0.092062,-0.692162
0.328475,0.094575,-0.676657
0.377283,0.065007,-0.655058
0.414624,0.000414,-0.632559
0.449256,0.018030,-0.597144
0.456395,-0.253087,-0.561369
0.366549,-0.340261,-0.579408
0.309790,-0.381281,-0.587582
0.246101,-0.426092,-0.581963
0.220819,-0.482255,-0.548182
0.195680,-0.507355,-0.541630
0.113448,-0.505102,-0.539971
0.204147,-0.500500,-0.548193
0.224332,-0.464883,-0.567199
0.272972,-0.414562,-0.583255
0.331407,-0.330879,-0.600073
0.361257,-0.241701,-0.624051
0.370479,-0.137416,-0.325500
0.378932,0.058080,-0.648711
0.345306,0.204994,-0.639074
0.273370,0.310540,-0.632031
0.159410,0.399584,-0.621573
0.050732,0.454943,-0.604702
-0.113738,0.494972,-0.567798
-0.112738,0.382047,-0.560920
-0.602494,0.186660,-0.483160
-0.623717,0.116655,-0.482889
-0.636925,0.071271,-0.472379
-0.647183,0.062481,-0.458208
-0.652061,0.033890,-0.451886
-0.637593,-0.018642,-0.480280
-0.388608,-0.046270,-0.463172
-0.657695,-0.105304,-0.435809
-0.641858,-0.163686,-0.441528
-0.603706,-0.258894,-0.449954
-0.471784,-0.453160,-0.464806
-0.402125,-0.522457,-0.457624
-0.321657,-0.572688,-0.197289
-0.264734,-0.594978,-0.468114
-0.208904,-0.603469,-0.476264
-0.126211,-0.624360,-0.470834
0.010776,-0.590202,-0.520610
0.100195,-0.534327,-0.560245
0.258015,-0.436167,-0.583098
0.316120,-0.138601,-0.605526
0.378022,-0.272773,-0.600171
0.394505,-0.205429,-0.618054
0.407554,-0.158697,-0.619704
0.417093,-0.102004,-0.618907
0.404738,-0.036568,-0.624124
0.392847,-0.004237,-0.637759
0.225542,0.048731,-0.634361
0.364937,0.087769,-0.635321
0.349583,0.116502,-0.641210
0.320457,0.172011,-0.645455
0.320457,0.172011,-0.645455
0.238195,0.295937,-0.636330
0.270610,0.252663,-0.327530
0.266882,0.287255,-0.633447
0.247955,0.313849,-0.625719
0.223900,0.353981,-0.621685
0.144068,0.399310,-0.610792
0.052557,0.436459,-0.602123
-0.008406,0.453358,-0.594374
-0.196528,0.353119,-0.572222
-0.197349,0.445879,-0.577871
-0.411091,0.267602,-0.590619
-0.447684,0.214339,-0.588055
-0.485969,0.150824,-0.578869
-0.519099,0.078956,-0.570775
-0.549099,0.015056,-0.552807
-0.336318,0.009883,-0.548199
-0.586969,0.034049,-0.515893
-0.624769,0.017338,-0.461900
-0.665622,-0.024248,-0.412280
-0.670650,-0.049762,-0.398692
-0.688282,-0.020648,-0.368798
-0.710873,-0.007457,-0.130575
-0.718511,0.015290,-0.294349
-0.735525,-0.022514,-0.261869
-0.727931,-0.099200,-0.267780
-0.715385,-0.177868,-0.266227
-0.692701,-0.248018,-0.271377
-0.652833,-0.346587,-0.279635
-0.542509,-0.209794,-0.306791
-0.361353,-0.611255,-0.321979
-0.137883,-0.684164,-0.340285
-0.102382,-0.684196,-0.347018
-0.029704,-0.685999,-0.358924
0.058082,-0.669274,-0.378253
0.162593,-0.637599,-0.398859
0.149606,-0.596835,-0.414475
0.330799,-0.542315,-0.436663
0.387736,-0.476984,-0.453817
0.434582,-0.420062,-0.467257
0.476240,-0.356571,-0.476515
0.476240,-0.356571,-0.476515
0.539409,-0.160449,-0.234148
0.543260,-0.083434,-0.514035
0.569250,-0.027784,-0.488204
0.593206,0.033922,-0.444820
0.592148,0.111800,-0.427207
0.568339,0.171275,-0.449689
0.535661,0.233233,-0.446801
0.504707,0.271529,-0.432075
0.462542,0.397586,-0.403098
0.472013,0.414845,-0.374561
0.495465,0.404089,-0.359517
0.495465,0.404089,-0.359517
0.495465,0.404089,-0.359517
0.694923,0.611402,-0.315454
0.092612,0.654729,-0.275146
0.128430,0.674715,-0.235433
0.072137,0.685575,-0.200599
0.009196,0.696701,-0.171596
-0.048484,0.701420,-0.151255
-0.117987,0.697634,-0.124178
-0.193894,0.682301,-0.008329
-0.251631,0.666801,-0.074678
-0.290565,0.659887,-0.059996
-0.326371,0.647274,-0.027156
-0.342973,0.637727,-0.036639
-0.341217,0.646413,-0.046147
-0.331405,0.647363,-0.028541
-0.315190,0.468581,0.014805
-0.228175,0.679560,0.028323
-0.112354,0.694669,0.047218
0.024449,0.707919,0.021072
0.709333,0.215063,-0.032313
0.597108,-0.506688,-0.051324
0.578446,-0.523899,-0.033476
0.342973,-0.514308,-0.016999
0.562706,-0.531904,0.006094
0.494777,-0.570114,0.060569
0.449405,-0.608738,0.075839
0.414244,-0.625015,0.071642
0.374128,-0.644442,0.063275
0.341586,-0.665860,0.107817
0.313947,-0.677012,0.053171
0.252409,-0.692155,0.115036
0.138941,-0.711301,0.160401
0.022474,-0.722747,0.178543
-0.092587,-0.710927,0.199703
-0.429993,-0.571120,0.240249
-0.602360,-0.154747,0.224537
-0.693928,-0.226794,0.199650
-0.736579,-0.089300,0.148975
-0.708846,0.230773,0.115406
-0.646370,0.337740,0.146244
-0.601831,0.398391,0.168384
-0.581670,0.433954,0.150872
-0.332974,0.477791,0.132332
-0.484775,0.533726,0.142660
-0.484775,0.533726,0.142660
-0.386074,0.611557,0.140219
-0.394329,0.608594,0.131641
-0.397242,0.623317,0.095048
-0.355775,0.633436,0.129281
-0.287751,0.640712,0.189927
-0.187023,0.680021,0.189795
-0.072524,0.701090,0.183027
0.055900,0.705973,0.159065
0.200884,0.672488,0.175822
0.200884,0.672488,0.175822
0.431180,0.416464,0.159615
0.485892,0.525917,0.148753
0.489164,0.520544,0.157949
0.465287,0.540584,0.163206
0.519922,0.512720,0.136897
0.614369,0.420318,0.085353
0.675012,0.343330,0.030625
0.438634,0.142008,-0.032366
0.756223,-0.014019,-0.081918
0.755512,-0.107444,-0.085134
0.706360,-0.284893,-0.064280
0.712730,-0.270416,-0.050405
0.684164,-0.328066,-0.020931
0.666292,-0.364391,0.062688
0.649247,-0.396736,-0.008523
0.662878,-0.374303,-0.031050
0.658087,-0.382205,-0.042382
0.607081,-0.449016,-0.077413
0.545651,-0.519867,-0.091112
0.532108,-0.530144,-0.081249
0.467002,-0.274432,-0.067141
0.451837,-0.589579,-0.083314
0.405605,-0.616079,-0.125382
0.338814,-0.641470,-0.147700
0.322895,-0.625564,-0.213879
0.328743,-0.584534,-0.286539
0.339504,-0.543866,-0.350344
0.207297,-0.546775,-0.333870
0.412358,-0.552510,-0.266483
0.458387,-0.564042,-0.189310
0.458387,-0.564042,-0.189310
0.215240,-0.729238,0.040639
0.137206,-0.751982,0.085450
-0.034268,-0.762020,0.168273
-0.206784,-0.724483,0.183657
-0.316961,-0.687475,0.200192
-0.442971,-0.609155,0.232427
-0.499746,-0.554979,0.270585
-0.563298,-0.480337,0.298701
-0.604955,-0.392237,0.319557
-0.607014,-0.159664,0.305393
-0.701529,-0.204775,0.238698
-0.719943,-0.144574,0.195196
-0.731621,-0.116886,0.171411
-0.732922,-0.116004,0.147547
-0.703538,-0.181179,0.141947
-0.698147,-0.185585,0.124220
-0.420843,-0.224750,0.130985
-0.696920,-0.222498,0.174125
-0.730131,-0.144666,0.199894
-0.792736,0.022630,0.115056
-0.815705,0.163863,0.095010
-0.805739,0.274057,0.140207
-0.755327,0.397592,0.177386
-0.696221,0.448229,0.241896
-0.623028,0.498415,0.270009
-0.552756,0.530860,0.281391
-0.495386,0.574968,0.250625
-0.422762,0.620861,0.213457
-0.363506,0.653455,0.177394
-0.333521,0.467686,0.207457
-0.257997,0.685270,0.198474
-0.195412,0.714328,0.167023
-0.141044,0.738803,0.125603
-0.074661,0.758553,0.073780
-0.023465,0.771549,0.027171
-0.023465,0.771549,0.027171
0.072217,0.749418,-0.073390
0.195942,0.733370,-0.072132
0.282182,0.700899,-0.070543
0.410765,0.637830,-0.063539
0.532891,0.548128,-0.057746
0.608605,0.478935,-0.008986
0.663943,0.399311,0.055320
0.712494,0.318335,0.020904
0.742659,0.248095,-0.029100
0.773081,0.101585,-0.049121
0.712452,-0.250957,0.057175
0.553502,-0.467396,0.117076
0.380736,-0.593968,0.143482
0.228293,-0.319710,0.128567
0.126944,-0.680917,0.154337
0.047331,-0.688035,0.183329
-0.062999,-0.675284,0.223698
-0.173481,-0.650921,0.266340
-0.241136,-0.628735,0.267952
-0.262727,-0.621013,0.244113
-0.162555,-0.621718,0.241968
-0.196272,-0.645503,0.214360
-0.233549,-0.626879,0.215526
-0.338415,-0.582502,0.212126
-0.440544,-0.519091,0.235811
-0.494966,-0.473667,0.238695
-0.550622,-0.423795,0.211503
-0.567699,-0.401966,0.212065
-0.588258,-0.378654,0.218539
-0.590748,-0.359965,0.256189
-0.590748,-0.359965,0.256189
-0.558988,-0.411636,0.200546
-0.574074,-0.390839,0.183216
-0.606834,-0.131926,0.175563
-0.635848,-0.298922,0.195339
-0.654831,-0.260499,0.199366
-0.673628,-0.231905,0.198029
-0.687521,-0.205402,0.207143
-0.696297,-0.185631,0.216556
-0.699854,-0.175779,0.221992
-0.426715,-0.181049,0.216347
-0.641302,-0.315152,0.229227
-0.588891,-0.390332,0.263963
-0.606297,-0.358999,0.278818
-0.662672,-0.261225,0.266627
-0.697043,-0.187317,0.262862
-0.708796,-0.137598,0.230468
-0.736863,-0.066438,0.254857
-0.735640,-0.019677,0.254954
-0.739258,0.005407,0.254990
-0.741248,0.028642,0.259574
-0.725932,-0.029208,0.285122
-0.727501,-0.056257,0.294258
-0.726547,0.031956,0.285868
-0.711764,-0.119989,0.297808
-0.687542,-0.195608,0.304878
-0.678803,-0.222294,0.301848
-0.651339,-0.277736,0.304635
-0.617159,-0.338413,0.312065
-0.564322,-0.400676,0.313225
-0.317223,-0.467000,0.292511
-0.519597,-0.465576,0.296844
-0.204476,-0.638509,0.299036
-0.118238,-0.662446,0.295635
-0.011649,-0.677718,0.279341
0.167206,-0.664982,0.258267
0.318761,-0.606683,0.230438
0.408676,-0.555217,0.265655
0.469171,-0.508273,0.248057
0.548169,-0.442770,0.221471
0.627100,-0.358632,0.187789
0.627100,-0.358632,0.187789
0.735326,-0.155829,0.146217
0.750136,0.022893,0.163283
0.752964,0.003828,0.207593
0.733367,0.078433,0.227301
0.734380,0.157169,0.220979
0.743269,0.194011,0.170857
0.741879,0.204939,0.146382
0.729516,0.237911,0.161026
0.420682,0.283176,0.176926
0.708479,0.309669,0.167531
0.703190,0.333090,0.167706
0.704985,0.317955,0.170081
0.693127,0.352069,0.153357
0.688236,0.405422,0.111467
0.674754,0.441393,0.089967
0.635756,0.507772,0.064644
0.591113,0.552363,0.088223
0.541480,0.592021,0.110723
0.466170,0.639521,0.152673
0.338332,0.708992,0.198898
0.100820,0.744877,0.273408
-0.167498,0.493403,0.343799
-0.229985,0.679782,0.342717
-0.275396,0.664979,0.346103
-0.292420,0.647647,0.366903
-0.350922,0.627002,0.350073
-0.372867,0.599769,0.368605
-0.378121,0.572037,0.397232
-0.273300,0.524312,0.400838
-0.541963,0.408951,0.415244
-0.578407,0.316743,0.432102
-0.595012,0.279863,0.439188
-0.617931,0.194475,0.449375
-0.656681,0.070544,0.420545
-0.649448,0.000278,0.330436
-0.651139,-0.003542,0.435379
-0.662745,-0.127282,0.395516
-0.648127,-0.205092,0.373132
-0.644633,-0.213378,0.370582
-0.642649,-0.233210,0.364301
-0.624860,-0.277339,0.333830
-0.614073,-0.118420,0.300048
-0.607879,-0.348506,0.266292
-0.543966,-0.444534,0.229046
-0.447204,-0.525686,0.234870
-0.447204,-0.525686,0.234870
0.035629,-0.677887,0.273849
0.099602,-0.673423,0.275158
0.087688,-0.666206,0.263058
0.233086,-0.654909,0.242804
0.309290,-0.632480,0.206991
0.361581,-0.605460,0.187809
0.417052,-0.578899,0.180505
0.465498,-0.542680,0.184684
0.530466,-0.480016,0.193106
0.530301,-0.480388,0.203301
0.641406,-0.289376,0.300947
0.686582,-0.149130,0.339069
0.692146,-0.063037,0.359016
0.690973,0.033368,0.372521
0.700366,0.164873,0.337463
0.692021,0.227502,0.295082
0.700569,0.291710,0.249256
0.687142,0.365379,0.201841
0.672848,0.418706,0.116951
0.679159,0.435165,0.030884
0.656200,0.462404,-0.023915
0.619394,0.502588,-0.064303
0.333338,0.540430,-0.124432
0.507352,0.585720,-0.166757
0.460992,0.593087,-0.221321
0.416580,0.587374,-0.284067
0.387239,0.571073,-0.334577
0.346077,0.551398,-0.381643
0.317671,0.544533,-0.187656
0.268922,0.559674,-0.408771
0.268922,0.559674,-0.408771
0.118344,0.469829,-0.523654
-0.006289,0.467576,-0.526754
-0.098881,0.444624,-0.518859
-0.168634,0.375779,-0.539948
-0.179062,0.270552,-0.560110
-0.198259,0.203832,-0.582432
-0.207278,0.102204,-0.587946
-0.221564,0.010385,-0.586494
-0.205483,-0.108925,-0.570617
-0.205483,-0.108925,-0.570617
-0.153972,-0.250632,-0.543716
-0.082584,-0.259559,-0.543240
-0.118530,-0.288368,-0.524306
-0.123564,-0.310480,-0.512416
-0.121906,-0.337879,-0.494390
-0.101600,-0.368595,-0.481038
-0.078115,-0.399769,-0.455808
-0.040114,-0.419683,-0.193167
0.004418,-0.419311,-0.441518
0.004418,-0.419311,-0.441518
0.152457,-0.392054,-0.441947
0.185992,-0.368796,-0.445590
0.234638,-0.344080,-0.446673
0.304995,-0.326812,-0.431386
0.356762,-0.088879,-0.442583
0.391943,-0.248790,-0.436562
0.391923,-0.177108,-0.478188
0.396773,-0.131502,-0.492999
0.403024,-0.081428,-0.493215
0.412965,-0.056276,-0.497949
0.407635,-0.022699,-0.501373
0.234795,0.018862,-0.504607
0.381936,0.043158,-0.515265
0.360043,0.065568,-0.529565
0.295927,0.118848,-0.556747
0.231693,0.163320,-0.571470
0.231707,0.161646,-0.571368
0.211914,0.156437,-0.287374
0.139001,0.201623,-0.594134
0.024212,0.224305,-0.595992
-0.048477,0.232914,-0.587481
-0.090561,0.223111,-0.584473
-0.149615,0.214882,-0.575231
-0.186943,0.219731,-0.562792
-0.229702,0.239079,-0.536222
-0.292830,0.268629,-0.506851
-0.401693,0.267213,-0.444791
-0.467617,0.217760,-0.403082
-0.499999,0.210364,-0.376595
-0.507938,0.168837,-0.381334
-0.513991,0.115795,-0.391370
-0.309822,0.070028,-0.416872
-0.497024,0.001900,-0.432459
-0.494914,-0.043265,-0.431236
-0.496226,-0.102181,-0.418669
-0.490918,-0.144347,-0.408759
-0.492472,-0.195272,-0.386245
-0.494341,-0.228933,-0.150310
-0.497535,-0.236236,-0.361284
-0.495845,-0.253317,-0.351338
-0.487282,-0.290647,-0.337325
-0.483982,-0.335236,-0.306365
-0.472186,-0.376319,-0.281764
-0.463700,-0.388207,-0.278244
-0.457176,-0.153602,-0.303148
-0.438045,-0.413174,-0.286218
-0.438045,-0.413174,-0.286218
-0.360964,-0.453662,-0.337575
-0.286403,-0.494314,-0.338210
-0.233834,-0.526439,-0.338885
-0.152536,-0.532999,-0.359629
0.023256,-0.557729,-0.360468
0.206435,-0.498254,-0.381512
0.270380,-0.454574,-0.401966
0.310589,-0.417860,-0.409557
0.359105,-0.372943,-0.414851
0.405822,-0.295820,-0.432502
0.468217,-0.184726,-0.194547
0.435540,-0.177906,-0.465683
0.418877,-0.172221,-0.480565
0.423770,-0.145304,-0.486786
0.427064,-0.119886,-0.497350
0.425195,-0.096380,-0.500236
0.419918,-0.066097,-0.504950
0.430558,0.065102,-0.513198
0.426065,-0.004303,-0.505880
0.429254,0.019168,-0.508873
0.423896,0.047559,-0.507511
0.398679,0.070101,-0.524726
0.373556,0.079194,-0.539632
0.313144,0.114413,-0.576221
0.154082,0.164630,-0.590714
0.245335,0.178947,-0.590602
0.240242,0.185734,-0.592395
0.233254,0.202307,-0.587295
0.221188,0.223994,-0.583887
0.212830,0.224216,-0.588188
0.182746,0.225514,-0.297200
0.170693,0.239908,-0.597165
0.138488,0.256822,-0.596005
0.102583,0.296929,-0.588732
0.054604,0.348458,-0.571463
-0.010636,0.409445,-0.535027
-0.095899,0.447133,-0.496729
-0.195114,0.357873,-0.456331
-0.331639,0.437093,-0.400083
-0.487534,0.366382,-0.305944
-0.487534,0.366382,-0.305944
-0.627284,0.174795,-0.198813
-0.637040,0.117613,-0.186167
-0.642941,0.052959,-0.198478
-0.375102,-0.030726,-0.251362
-0.617313,-0.062180,-0.253089
-0.615485,-0.075532,-0.253803
-0.613691,-0.082133,-0.256419
-0.608609,-0.082114,-0.258021
-0.611909,-0.081927,-0.262430
-0.611114,-0.125346,-0.080072
-0.591013,-0.171081,-0.249990
-0.585658,-0.182402,-0.261335
-0.570216,-0.198980,-0.268109
-0.563352,-0.220957,-0.262446
-0.527305,-0.296605,-0.257122
-0.504811,-0.331322,-0.271881
-0.486130,-0.120329,-0.304548
-0.453246,-0.351649,-0.320933
-0.422290,-0.362441,-0.352237
-0.389748,-0.356393,-0.387585
-0.362397,-0.357441,-0.410467
-0.343632,-0.351950,-0.427601
-0.338498,-0.324489,-0.448760
-0.215691,-0.282897,-0.470372
-0.389527,-0.226098,-0.478984
-0.417061,-0.179353,-0.472299
-0.461620,-0.127739,-0.458090
-0.487626,-0.065991,-0.450865
-0.505258,0.007526,-0.447522
-0.509268,-0.001534,-0.198655
-0.505258,0.007526,-0.447522
-0.505258,0.007526,-0.447522
-0.449488,0.295247,-0.424601
-0.394521,0.356534,-0.422096
-0.346083,0.404692,-0.424606
-0.278827,0.441379,-0.437256
-0.227488,0.363458,-0.438087
-0.208188,0.471236,-0.446583
-0.182867,0.481377,-0.455205
-0.162612,0.481289,-0.457132
-0.108601,0.487878,-0.466163
-0.061337,0.489384,-0.471758
-0.025423,0.473207,-0.493902
-0.001795,0.431039,-0.533559
0.047210,0.391440,-0.557539
0.095650,0.323874,-0.593206
0.087985,0.284674,-0.615972
0.086673,0.270161,-0.629956
0.056521,0.262274,-0.636265
0.029812,0.239648,-0.331285
0.013172,0.246601,-0.655219
0.002904,0.258283,-0.652729
0.039863,0.264557,-0.649450
0.058375,0.262643,-0.646757
0.065110,0.260867,-0.645306
0.065163,0.257573,-0.646596
0.065312,0.240768,-0.645572
0.100750,0.242363,-0.649424
0.125791,0.253580,-0.641717
0.186829,0.219775,-0.643964
0.222125,0.212448,-0.633858
0.253941,0.211733,-0.621101
0.265031,0.247615,-0.599697
0.162086,0.269722,-0.588369
0.303534,0.245016,-0.582500
0.376454,0.177152,-0.569518
0.418943,0.116144,-0.554800
0.410356,0.001829,-0.578916
0.374134,-0.048890,-0.600355
0.354443,-0.088023,-0.302306
0.337989,-0.102849,-0.624577
0.289708,-0.143820,-0.635918
0.236244,-0.159422,-0.654655
0.202840,-0.167013,-0.668361
0.174223,-0.149633,-0.680717
0.155626,-0.132542,-0.687314
0.127534,-0.008958,-0.692761
0.092192,-0.200684,-0.683256
0.073819,-0.217243,-0.683333
0.036821,-0.221896,-0.685220
0.019796,-0.194825,-0.690972
0.009586,-0.159103,-0.706340
0.007787,-0.149100,-0.705422
0.002658,-0.142367,-0.705721
-0.010814,-0.137140,-0.708726
-0.027545,-0.148688,-0.709145
-0.073049,-0.158577,-0.703077
-0.073049,-0.158577,-0.703077
-0.163786,-0.007367,-0.707353
-0.167012,0.075046,-0.356167
-0.146858,0.139136,-0.697305
-0.123892,0.188765,-0.688919
-0.077434,0.239685,-0.675166
-0.044282,0.275739,-0.663194
-0.019895,0.324758,-0.638413
-0.004228,0.381719,-0.600518
-0.022914,0.339545,-0.566246
-0.023664,0.424240,-0.571403
-0.055883,0.546198,-0.427671
-0.063497,0.561357,-0.383734
-0.010467,0.584516,-0.343100
0.042594,0.595791,-0.297271
0.123140,0.590948,-0.273406
0.123276,0.563178,-0.244895
0.335269,0.506802,-0.210324
0.465687,0.404777,-0.189061
0.533391,0.329762,-0.162118
0.575870,0.253359,-0.137520
0.624131,0.125615,-0.126300
0.627752,0.083053,-0.013745
0.636077,0.037053,-0.082414
0.640874,-0.002852,-0.042833
0.635453,-0.017299,-0.012034
0.628379,-0.043617,0.023996
0.607546,-0.089237,0.088324
0.588790,-0.137402,0.130413
0.561948,-0.036693,0.165074
0.519239,-0.252304,0.226856
0.460193,-0.316874,0.269338
0.406467,-0.372345,0.290289
0.305160,-0.426626,0.334555
0.184910,-0.452640,0.386448
0.027872,-0.470879,0.416321
-0.146686,-0.403337,0.433886
-0.497924,-0.297614,0.312928
-0.614610,-0.123403,0.233319
-0.643970,0.008429,0.197598
-0.636033,0.036290,0.210621
-0.636033,0.036290,0.210621
-0.635782,0.036857,0.195030
-0.636033,0.036290,0.210621
-0.587442,0.113420,0.283812
-0.580928,0.106022,0.302001
-0.572457,0.073607,0.318695
-0.575471,0.024912,0.326206
-0.561643,-0.035894,0.341537
-0.530366,0.007698,0.360540
-0.464860,-0.210929,0.402263
-0.373432,-0.308040,0.434507
-0.381547,-0.315808,0.420260
-0.413935,-0.275399,0.418498
-0.397448,-0.269527,0.437148
-0.346970,-0.297434,0.458609
-0.174936,-0.350763,0.464069
-0.279169,-0.350030,0.466301
-0.095856,-0.517197,0.384606
-0.070687,-0.517647,0.391533
0.020422,-0.523256,0.388395
0.170539,-0.507079,0.370719
0.316139,-0.434994,0.286889
0.410803,-0.374012,0.334993
0.517420,-0.303828,0.265801
0.552408,-0.248661,0.257197
0.559172,-0.231584,0.245576
0.597652,-0.176169,0.229431
0.635915,-0.076840,0.200179
0.642890,0.104108,0.180032
0.637718,0.136483,0.167738
0.620213,0.220536,0.157026
0.602989,0.281311,0.143260
0.578902,0.333327,0.142098
0.553246,0.358293,0.150073
0.485212,0.465012,0.124181
0.242749,0.527317,0.116731
0.405345,0.539294,0.119897
0.410466,0.537693,0.116903
0.392064,0.560351,0.095063
0.339452,0.588965,0.100423
0.297263,0.621617,0.084451
0.278541,0.631596,0.089677
0.224343,0.645078,0.098020
0.114078,0.669931,0.127218
-0.007662,0.671698,0.150628
-0.146131,0.653382,0.178610
-0.250453,0.617010,0.190560
-0.250453,0.617010,0.190560
-0.381439,0.357035,0.318066
-0.431314,0.371302,0.370430
-0.461199,0.244472,0.419058
-0.475657,0.124940,0.447535
-0.496314,0.004978,0.443396
-0.506569,-0.105869,0.416124
-0.511824,-0.196387,0.380052
-0.294527,-0.300408,0.345903
-0.459700,-0.370458,0.286745
-0.459700,-0.370458,0.286745
-0.374545,-0.459627,0.285863
-0.353893,-0.487852,0.276707
-0.351826,-0.492126,0.256064
-0.336041,-0.506222,0.227011
-0.339437,-0.511376,0.231641
-0.352616,-0.515706,0.215805
-0.343751,-0.523321,0.193728
-0.346775,-0.529342,0.176283
-0.341495,-0.532291,0.164429
-0.351601,-0.530492,0.163050
-0.319053,-0.246805,0.165866
-0.314599,-0.542908,0.174919
-0.283993,-0.561321,0.169416
-0.243406,-0.578404,0.171063
-0.194801,-0.587935,0.192932
-0.184500,-0.597835,0.187352
-0.200921,-0.600140,0.162524
-0.197082,-0.555911,0.094182
-0.343413,-0.549478,0.086556
-0.272651,-0.594487,0.114579
-0.186161,-0.624686,0.099635
-0.197409,-0.623352,0.065532
-0.136558,-0.638794,0.063656
0.024224,-0.654301,0.133661
0.183489,-0.631436,0.068135
0.296521,-0.596199,0.039675
0.382070,-0.553380,0.038170
0.450445,-0.502614,0.051454
0.547592,-0.409105,0.031700
0.627808,-0.293438,0.003513
0.674598,-0.020318,-0.033563
0.675842,-0.160803,-0.025008
0.675842,-0.160803,-0.025008
0.675842,-0.160803,-0.025008
0.598516,0.377004,-0.051705
0.554272,0.442992,-0.065199
0.493256,0.507587,-0.082712
0.253210,0.562268,-0.110607
0.383680,0.590358,-0.130072
0.337830,0.622381,-0.128047
0.306891,0.645165,-0.104925
0.259059,0.666285,-0.078352
0.194067,0.693676,-0.036889
0.143605,0.702429,0.054410
0.116478,0.705690,0.062405
0.085359,0.690496,0.119139
0.066232,0.684190,0.158680
0.076209,0.680389,0.169123
0.084696,0.682168,0.164360
0.152723,0.676192,0.130461
0.247055,0.460903,0.159432
0.326943,0.607943,0.132315
0.373045,0.591859,0.105472
0.396939,0.583810,0.092033
0.371428,0.586902,0.104321
0.334115,0.612278,0.103585
0.279596,0.635282,0.125719
0.044555,0.661541,0.188845
0.009458,0.689247,0.123853
-0.074031,0.698495,0.071476
-0.196825,0.676083,0.071058
-0.297605,0.631533,0.077470
-0.402448,0.551291,0.147238
-0.451269,0.459573,0.199062
-0.505655,0.354789,0.289629
-0.543867,0.282902,0.299325
-0.555301,0.213794,0.318695
-0.603475,0.014644,0.293177
-0.601754,0.007880,0.295042
-0.596813,0.012705,0.299109
-0.599034,0.078723,0.292145
-0.597380,-0.080393,0.286931
-0.581249,-0.163727,0.278260
-0.556947,-0.228920,0.274263
-0.541736,-0.244314,0.280831
-0.533096,-0.262682,0.278784
-0.520981,-0.284259,0.272388
-0.318607,-0.285682,0.268055
-0.511713,-0.260629,0.309480
-0.516714,-0.258756,0.305005
-0.544261,-0.196671,0.303303
-0.575785,-0.082983,0.307476
-0.578945,0.050323,0.317280
-0.558794,0.164424,0.253329
-0.502194,0.278115,0.329995
-0.445702,0.349273,0.336333
-0.369038,0.426986,0.341830
-0.369038,0.426986,0.341830
0.160734,0.629077,0.183821
0.270709,0.589905,0.180832
0.375371,0.391933,0.186171
0.481444,0.448770,0.158033
0.546314,0.363037,0.158874
0.590917,0.284199,0.158246
0.595723,0.246023,0.196231
0.595622,0.204805,0.227059
0.585077,0.186828,0.264145
0.337188,0.179600,0.286391
0.555523,0.215754,0.301761
0.548464,0.245830,0.303058
0.555289,0.292078,0.270285
0.566033,0.307087,0.222947
0.579800,0.283715,0.219604
0.616551,0.213072,0.179204
0.653121,0.099323,0.175632
0.674126,-0.045538,0.112508
0.661652,-0.118298,0.094877
0.647334,-0.198233,0.091134
0.535115,-0.402010,0.068787
0.470136,-0.474946,0.067212
0.394095,-0.244941,0.044392
0.300975,-0.589059,0.071919
0.210655,-0.622656,0.050616
0.108594,-0.649199,0.021690
-0.000620,-0.654419,0.005025
-0.140046,-0.638626,-0.031631
-0.247324,-0.597183,-0.091416
-0.192307,-0.554241,-0.135468
-0.316168,-0.553370,-0.132816
-0.501149,-0.401116,-0.145526
-0.518203,-0.370696,-0.151482
-0.523194,-0.367094,-0.157552
-0.535462,-0.369773,-0.127323
-0.561475,-0.351143,0.008438
-0.577948,-0.303634,-0.145334
-0.588005,-0.265857,-0.171261
-0.606677,-0.173790,-0.218195
-0.617254,-0.068877,-0.252681
-0.617254,-0.068877,-0.252681
-0.523098,0.282992,-0.347749
-0.485804,0.284712,-0.362078
-0.459803,0.369607,-0.354423
-0.440592,0.432056,-0.330350
-0.445961,0.445051,-0.319108
-0.348574,0.516903,-0.340523
-0.252566,0.557010,-0.361460
-0.107864,0.599740,-0.373190
0.045234,0.601684,-0.367714
0.163351,0.592210,-0.362266
0.287355,0.525132,-0.381735
0.338768,0.472013,-0.401961
0.357749,0.442126,-0.410979
0.343978,0.460366,-0.404343
0.354168,0.442573,-0.193817
0.408094,0.429288,-0.390436
0.496230,0.342628,-0.369188
0.561631,0.205154,-0.369668
0.578542,0.058685,-0.387907
0.574431,-0.039901,-0.386264
0.556835,-0.146928,-0.379341
0.535760,-0.043217,-0.389686
0.550667,-0.203645,-0.380211
0.562174,-0.178776,-0.377512
0.563686,-0.131363,-0.395341
0.570326,-0.119690,-0.396199
0.582111,-0.131765,-0.388269
0.609812,-0.062406,-0.372253
0.376440,0.032337,-0.355065
0.648300,0.088260,-0.343561
0.643430,0.177120,-0.305676
0.634810,0.275398,-0.250406
0.632079,0.315745,-0.211094
0.634490,0.327213,-0.159701
0.623376,0.353656,-0.012345
0.618849,0.373676,-0.056416
0.624971,0.355146,-0.007741
0.625140,0.355526,-0.018197
0.608663,0.387251,-0.060002
0.582301,0.426397,-0.119924
0.554626,0.451029,-0.193829
0.536157,0.349230,-0.239353
0.519452,0.431711,-0.297663
0.494561,0.439619,-0.325911
0.458579,0.523550,-0.237879
0.357028,0.633567,-0.072534
0.357028,0.633567,-0.072534
0.189432,0.697678,0.037463
0.069960,0.696500,0.095271
0.137792,0.690509,0.107564
0.188340,0.671301,0.119553
0.249112,0.645433,0.128745
0.326882,0.600974,0.140191
0.369225,0.570377,0.145605
0.379485,0.553554,0.146637
0.376918,0.525957,0.216686
0.376918,0.525957,0.216686
0.404853,0.394319,0.338840
0.426870,0.355112,0.355654
0.421699,0.342938,0.369919
0.449006,0.346912,0.346732
0.468334,0.249996,0.356700
0.466193,0.257021,0.380156
0.438926,0.229225,0.415227
0.409709,0.258912,0.431931
0.358296,0.356433,0.425606
0.297080,0.388128,0.439906
0.183305,0.445143,0.458276
0.053109,0.505421,0.436579
0.049680,0.520240,0.443198
0.002566,0.537859,0.428252
-0.015842,0.572455,0.399722
-0.071155,0.611150,0.358339
-0.057480,0.637095,0.331128
-0.027469,0.651898,0.239587
-0.048864,0.663075,0.304024
-0.058859,0.663418,0.296772
-0.436535,0.630152,0.327912
-0.025225,0.611754,0.331971
0.017107,0.610164,0.320714
0.101709,0.600015,0.306077
0.067465,0.467326,0.213619
0.107974,0.652233,0.201437
0.116916,0.663579,0.163301
0.135047,0.683412,0.073790
0.181123,0.675808,0.043450
0.215166,0.669472,0.026705
0.215166,0.669472,0.026705
0.189016,0.625052,0.013601
0.340481,0.616908,0.021219
0.325076,0.618199,0.034886
0.328021,0.613794,0.063399
0.344523,0.595790,0.095426
0.334346,0.611093,0.090244
0.341243,0.609684,0.081620
0.397937,0.579234,0.034185
0.425436,0.561442,0.012323
0.444479,0.552190,-0.012856
0.564893,0.426578,0.016026
0.596852,0.368120,0.054657
0.629622,0.301248,0.049087
0.666284,0.183955,0.042043
0.677214,0.061390,0.065681
0.665140,-0.100980,0.077354
0.627634,-0.227630,0.076971
0.537339,-0.372179,0.120552
0.399373,-0.510207,0.087301
0.399373,-0.510207,0.087301
0.103647,-0.602362,-0.070458
0.132418,-0.604058,-0.121639
0.069080,-0.605379,-0.163382
-0.003266,-0.607946,-0.169094
-0.077458,-0.600618,-0.170901
-0.197402,-0.569584,-0.171667
-0.323244,-0.506660,-0.038095
-0.415652,-0.426323,-0.205450
-0.473793,-0.383366,-0.179986
-0.509849,-0.353849,-0.157163
-0.532759,-0.352521,-0.097148
-0.539747,-0.358149,-0.078773
-0.553620,-0.336723,-0.067860
-0.574050,-0.093168,-0.098682
-0.585973,-0.258663,-0.094270
-0.586022,-0.258772,-0.091283
-0.543421,-0.343437,-0.069162
-0.468583,-0.434699,-0.056282
-0.347839,-0.533946,-0.063285
-0.225914,-0.589944,-0.065507
-0.003580,-0.632944,-0.033469
0.107534,-0.625572,-0.030387
0.262716,-0.576966,-0.068034
0.392418,-0.492748,-0.114750
0.467803,-0.427765,-0.126326
0.521042,-0.369978,-0.119100
0.552207,-0.346953,0.021310
0.609592,-0.258407,-0.036967
0.660307,-0.117109,-0.028828
0.672725,0.034084,-0.054725
0.620466,0.271445,-0.093412
0.560673,0.382801,-0.110828
0.500890,0.465149,-0.111574
0.430227,0.399199,-0.079183
0.289028,0.631062,-0.035138
0.151637,0.681382,-0.011373
0.050101,0.700022,0.003116
-0.090028,0.695439,0.021355
-0.228008,0.666274,0.026151
-0.338950,0.613151,0.040759
-0.211705,0.612256,0.038035
-0.430448,0.546154,0.110916
-0.397027,0.565737,0.116440
-0.356859,0.590405,0.118525
-0.195676,0.664611,0.110471
-0.077657,0.691114,0.091375
-0.081297,0.683700,0.112189
-0.101638,0.678472,0.122469
-0.113587,0.673097,0.134977
-0.144165,0.674496,0.148969
-0.206738,0.652298,0.175530
-0.356669,0.581889,0.214394
-0.351856,0.576178,0.232517
-0.360872,0.407738,0.266842
-0.389157,0.528144,0.275003
-0.392657,0.517632,0.289131
-0.380907,0.512309,0.295159
-0.389186,0.509291,0.288075
-0.405733,0.510117,0.269017
-0.484157,0.440787,0.263047
-0.348661,0.312702,0.264932
-0.626050,0.091872,0.287462
-0.620575,-0.115171,0.283602
-0.585423,-0.238547,0.269513
-0.541292,-0.294543,0.283890
-0.455557,-0.413144,0.265424
-0.356187,-0.500764,0.219092
-0.286269,-0.547274,0.196916
-0.214995,-0.580878,0.186983
-0.150666,-0.594397,0.177464
-0.096711,-0.598179,0.178006
-0.096711,-0.598179,0.178006
-0.008987,-0.588424,0.166555
-0.035408,-0.275474,0.150993
-0.112153,-0.581601,0.184780
-0.231070,-0.553776,0.225905
-0.322867,-0.512147,0.249205
-0.409978,-0.442363,0.278133
-0.540828,-0.256329,0.335181
-0.587369,-0.041827,0.372260
-0.344664,0.100815,0.394001
-0.488053,0.222733,0.425443
-0.257793,0.439400,0.435484
-0.099804,0.493539,0.428726
-0.062711,0.484743,0.432923
-0.054316,0.469234,0.444116
-0.053891,0.451815,0.326404
-0.035765,0.399097,0.485243
-0.017244,0.354509,0.512891
0.003233,0.293438,0.534053
0.000150,0.227510,0.556027
-0.001147,0.144719,0.581972
0.031601,0.047056,0.596162
0.046450,0.064241,0.605218
0.062553,-0.049138,0.616262
0.059459,-0.086059,0.621565
0.046121,-0.111242,0.627864
0.012449,-0.124562,0.633883
-0.063609,-0.110797,0.639174
-0.127660,-0.112021,0.640647
-0.105700,-0.092030,0.637457
-0.183780,-0.059780,0.640172
-0.199292,-0.029698,0.643142
-0.202951,-0.016661,0.652855
-0.215003,0.003351,0.656365
-0.215356,0.035000,0.658909
-0.229161,0.060807,0.458456
-0.239023,0.036732,0.662300
-0.252782,0.070368,0.659056
-0.228160,0.123334,0.667202
-0.209956,0.139511,0.677735
-0.193443,0.159104,0.686606
-0.205374,0.179388,0.682648
-0.250555,0.177384,0.664389
-0.305927,0.195125,0.639186
-0.376060,0.188611,0.603869
-0.465796,0.144382,0.553405
-0.532017,0.110034,0.501823
-0.532017,0.110034,0.501823
-0.601878,-0.015008,0.418615
-0.372618,-0.049724,0.405299
-0.597743,-0.090159,0.417156
-0.579253,-0.122864,0.439609
-0.578974,-0.146141,0.436555
-0.588702,-0.153735,0.417863
-0.600187,-0.170014,0.408679
-0.581426,-0.210239,0.316841
-0.592691,-0.216182,0.390477
-0.548423,-0.282115,0.402478
-0.351629,-0.463460,0.431606
-0.255381,-0.511615,0.448835
-0.090825,-0.526238,0.493810
-0.018079,-0.483891,0.553700
0.016599,-0.162642,0.609301
0.088515,-0.239071,0.688384
0.124842,-0.186406,0.702252
0.143314,-0.178164,0.701345
0.154632,-0.148599,0.712701
0.265718,-0.117352,0.702406
0.330051,-0.125739,0.689594
0.191730,-0.159597,0.685744
0.362669,-0.158798,0.673022
0.373009,-0.170318,0.666050
0.390685,-0.097267,0.674611
0.413029,0.022684,0.678714
0.402235,0.082704,0.684222
0.408901,0.115742,0.464348
0.413829,0.128263,0.669266
0.441006,0.130237,0.655143
0.441006,0.130237,0.655143
0.533079,0.118269,0.597247
0.558811,0.098597,0.581498
0.559182,0.078940,0.570771
0.565832,0.089465,0.569983
0.578431,0.032581,0.555304
0.590856,-0.001956,0.537774
0.577501,-0.030596,0.547265
0.560304,-0.009038,0.555263
0.565369,0.001190,0.548568
0.565369,0.001190,0.548568
0.337593,0.118423,0.543402
0.560284,0.169832,0.551785
0.542869,0.221637,0.554960
0.554585,0.258933,0.537527
0.585205,0.283248,0.505575
0.642019,0.227452,0.466026
0.699332,0.162943,0.299062
0.732188,0.160755,0.351919
0.759162,0.075579,0.299917
0.777603,0.002182,0.247382
0.800576,0.016774,0.071671
0.801841,0.026462,-0.010893
0.797190,0.035957,-0.041169
0.780513,0.107056,-0.094315
0.768086,0.059471,-0.129874
0.732447,0.028856,-0.198740
0.691607,0.011616,-0.266820
0.630314,0.019634,-0.335996
0.593305,0.066189,-0.367829
0.585900,0.138178,-0.370576
0.309006,0.335465,-0.361681
0.467982,0.433873,-0.345838
0.410749,0.468633,-0.370549
0.363752,0.481392,-0.389671
0.311795,0.485870,-0.409668
0.289983,0.487970,-0.416769
0.290478,0.437042,-0.211707
0.283317,0.399791,-0.470833
0.268986,0.357398,-0.496238
0.259876,0.296552,-0.520630
0.259876,0.296552,-0.520630
0.284189,0.246755,-0.534507
0.277147,0.266622,-0.528118
0.206026,0.291150,-0.522103
0.023832,0.442943,-0.499089
-0.133244,0.439990,-0.476109
-0.187138,0.428540,-0.471252
-0.256124,0.396888,-0.458872
-0.314406,0.337462,-0.465888
-0.338725,0.261273,-0.478581
-0.223838,0.162122,-0.486952
-0.381988,0.034428,-0.478676
-0.386470,-0.044502,-0.466307
-0.326375,-0.126143,-0.484980
-0.298979,-0.154416,-0.494281
-0.290487,-0.156041,-0.497347
-0.276883,0.119171,-0.260153
-0.260155,0.108018,-0.552879
-0.259905,0.088089,-0.556136
-0.252922,0.074919,-0.562934
-0.241082,0.073216,-0.564578
-0.222229,0.054994,-0.572816
-0.191606,0.048573,-0.586502
-0.156501,0.098831,-0.599278
-0.138505,-0.013092,-0.601773
-0.123031,-0.041554,-0.603352
-0.106350,-0.021581,-0.604937
-0.111009,-0.080419,-0.593791
-0.115854,-0.107227,-0.590557
-0.129354,-0.113992,-0.585379
-0.056918,-0.117577,-0.594192
0.005847,-0.107373,-0.612575
0.048121,-0.110801,-0.619249
0.130497,-0.070926,-0.630934
0.187257,-0.016240,-0.631045
0.244068,0.030021,-0.629152
0.250414,0.050061,-0.310253
0.240170,0.229974,-0.614465
0.208873,0.301476,-0.598781
0.169002,0.372712,-0.573954
0.156663,0.405738,-0.560803
0.166351,0.423486,-0.545710
0.216694,0.419184,-0.530158
0.215330,0.349553,-0.507995
0.237659,0.454451,-0.494033
0.243193,0.436705,-0.512438
0.274019,0.401711,-0.521403
0.274019,0.401711,-0.521403
0.224663,0.363840,-0.571648
0.107025,0.377478,-0.599709
0.029947,0.389740,-0.598775
0.019014,0.402938,-0.591893
-0.025953,0.382308,-0.611999
-0.046178,0.379047,-0.609868
-0.043007,0.390526,-0.604679
-0.053711,0.418299,-0.585283
-0.171225,0.388305,-0.287820
-0.166587,0.398784,-0.575666
-0.468854,0.190159,-0.516091
-0.536252,0.100208,-0.462936
-0.564894,0.059464,-0.438963
-0.580047,0.032292,-0.423563
-0.584943,0.000244,-0.414049
-0.597617,0.071119,-0.403203
-0.610334,-0.040796,-0.382679
-0.622619,-0.033265,-0.357542
-0.664883,0.034676,-0.287765
-0.663610,0.073011,-0.285665
-0.632401,0.091825,-0.350072
-0.627819,0.002312,-0.370031
-0.371972,-0.156865,-0.365895
-0.547759,-0.356334,-0.309642
-0.415244,-0.510385,-0.282267
-0.269543,-0.605439,-0.272193
-0.021247,-0.653955,-0.277633
0.032029,-0.678058,-0.223688
0.098030,-0.709509,-0.017069
0.171643,-0.716033,-0.082877
0.274668,-0.713334,0.004101
0.302642,-0.721918,0.050202
0.311810,-0.725839,0.109837
0.294354,-0.730483,0.149239
0.245418,-0.747318,0.163256
0.132795,-0.384119,0.133098
-0.116318,-0.761881,0.136289
-0.336031,-0.688125,0.130623
-0.537048,-0.559508,0.082459
-0.655874,-0.403389,0.041250
-0.655874,-0.403389,0.041250
-0.716449,0.345417,-0.003174
-0.331781,0.578412,-0.061568
-0.366349,0.698180,-0.086008
-0.273576,0.728373,-0.109248
-0.207660,0.745361,-0.131094
-0.165156,0.749283,-0.156101
-0.144742,0.747847,-0.166888
-0.141414,0.745609,-0.060606
-0.127116,0.744337,-0.211756
-0.127116,0.744337,-0.211756
-0.092567,0.716941,-0.246594
-0.048420,0.717340,-0.266951
0.052673,0.718194,-0.266232
0.259213,0.685825,-0.201721
0.467355,0.422531,-0.096318
0.597686,0.426364,-0.030864
0.664250,0.306480,-0.010095
0.695462,0.227954,-0.016409
0.721636,0.144386,-0.020815
0.734903,0.031482,-0.042515
0.710184,-0.146375,0.029977
0.415256,-0.183244,0.050590
0.691755,-0.217708,0.066025
0.613304,-0.381030,0.117943
0.509501,-0.498205,0.146738
0.422416,-0.566290,0.154289
0.375650,-0.599118,0.148377
0.330380,-0.625558,0.150187
0.284844,-0.635115,0.055717
0.267322,-0.625840,-0.011513
0.249558,-0.608574,-0.068795
0.212662,-0.616413,-0.074960
0.167378,-0.620681,-0.085629
0.167378,-0.620681,-0.085629
0.164475,-0.292659,-0.105606
0.167378,-0.620681,-0.085629
0.309726,-0.520977,-0.193163
0.367055,-0.466714,-0.227528
0.377354,-0.445877,-0.251375
0.384029,-0.440956,-0.250331
0.393976,-0.441408,-0.240092
0.237779,-0.433830,-0.231183
0.477536,-0.353152,-0.250288
0.497696,-0.317590,-0.267800
0.479384,-0.349380,-0.262478
0.479384,-0.349380,-0.262478
0.326711,-0.524226,-0.199295
0.295717,-0.534420,-0.050811
0.211182,-0.569419,-0.217849
0.150383,-0.593140,-0.195703
0.089548,-0.610109,-0.175459
0.045568,-0.623794,-0.157273
-0.001787,-0.628920,-0.144007
-0.030472,-0.628772,-0.141899
-0.084088,-0.290787,-0.158397
-0.172289,-0.602607,-0.141890
-0.345895,-0.503937,-0.199252
-0.376081,-0.447002,-0.242298
-0.355250,-0.437250,-0.285066
-0.334849,-0.445546,-0.290964
-0.353414,-0.418137,-0.305642
-0.222042,-0.407069,-0.316637
-0.375484,-0.406371,-0.302899
-0.399298,-0.387897,-0.300528
-0.413091,-0.400447,-0.274132
-0.396283,-0.428007,-0.254936
-0.393046,-0.448830,-0.234366
-0.336442,-0.512742,-0.051703
-0.241984,-0.544941,-0.242224
-0.134893,-0.550537,-0.294877
-0.073988,-0.547071,-0.311318
-0.006506,-0.552568,-0.312457
0.077948,-0.523773,-0.341389
0.185787,-0.487099,-0.362374
0.220147,-0.206616,-0.365361
0.286380,-0.446387,-0.355139
0.286380,-0.446387,-0.355139
0.380326,-0.338806,-0.393561
0.435381,-0.220961,-0.430271
0.473270,-0.084906,-0.458780
0.485678,0.028691,-0.461521
0.285766,0.102198,-0.464625
0.479079,0.180655,-0.458741
0.435493,0.298959,-0.441178
0.412977,0.347288,-0.433210
0.404255,0.363765,-0.425087
0.404255,0.363765,-0.425087
0.187564,0.553329,-0.171975
0.100987,0.590974,-0.360828
-0.005380,0.603333,-0.356280
-0.122464,0.573819,-0.392146
-0.175971,0.554704,-0.406199
-0.237015,0.547509,-0.379098
-0.291198,0.535407,-0.356316
-0.354007,0.382848,-0.339664
-0.385329,0.482058,-0.339082
-0.408119,0.443073,-0.364510
-0.472813,0.365658,-0.380716
-0.490688,0.317776,-0.392299
-0.500009,0.275239,-0.414825
-0.505270,0.281646,-0.406162
-0.329742,0.268838,-0.367497
-0.588238,0.197737,-0.332179
-0.622709,0.092504,-0.324997
-0.642771,0.026423,-0.295193
-0.652576,-0.053070,-0.266284
-0.648698,-0.140757,-0.244623
-0.582634,-0.330488,-0.049434
-0.553010,-0.374219,-0.184774
-0.512054,-0.424625,-0.185569
-0.477928,-0.459805,-0.190125
-0.471258,-0.473683,-0.177503
-0.486602,-0.465422,-0.171713
-0.532687,-0.415144,-0.166329
-0.592971,-0.121754,-0.160587
-0.634368,-0.267441,-0.118005
-0.659367,-0.181623,-0.083964
-0.682918,-0.046827,-0.064867
-0.681373,0.109557,-0.047636
-0.638743,0.261940,-0.066816
-0.573957,0.378843,-0.079843
-0.287539,0.490093,-0.122694
-0.368468,0.563107,-0.183493
-0.368468,0.563107,-0.183493
-0.368468,0.563107,-0.183493
-0.207052,0.519508,-0.442107
-0.188830,0.476358,-0.499465
-0.216315,0.454089,-0.249833
-0.241035,0.470028,-0.497938
-0.201298,0.507383,-0.477249
-0.129058,0.530205,-0.477242
-0.098495,0.530481,-0.491335
-0.049686,0.536780,-0.491296
0.024534,0.534639,-0.494277
0.131315,0.368162,-0.534115
0.197507,0.401192,-0.582276
0.230162,0.352846,-0.591955
0.248943,0.334461,-0.595712
0.265832,0.330994,-0.595869
0.291391,0.305810,-0.597868
0.306689,0.288905,-0.595680
0.185830,0.300929,-0.578875
0.336391,0.306022,-0.567576
0.409395,0.316502,-0.504256
0.476544,0.270972,-0.461224
0.553664,0.202844,-0.396171
0.592249,0.157733,-0.358500
0.613111,0.088184,-0.151070
0.622020,0.040492,-0.356457
0.622698,-0.019458,-0.361749
0.628120,-0.080150,-0.347731
0.590976,-0.294790,-0.317418
0.504153,-0.456214,-0.269902
0.504153,-0.456214,-0.269902
0.370673,-0.293966,-0.141318
0.360923,-0.636473,-0.060584
0.343269,-0.660350,0.002346
0.279019,-0.694474,0.035632
0.236359,-0.714117,0.079481
0.166499,-0.735790,0.138947
0.113602,-0.747100,0.185490
0.049301,-0.745137,0.191244
0.071418,-0.762253,0.197767
0.056250,-0.765549,0.199789
0.025415,-0.754485,0.223625
0.031547,-0.735420,0.249145
-0.016895,-0.744306,0.228397
-0.088551,-0.752148,0.184015
-0.103018,-0.743612,0.136372
-0.100851,-0.742536,0.106462
-0.107411,-0.743783,0.096252
-0.107831,-0.737901,0.118250
-0.153957,-0.721871,0.146586
-0.189586,-0.710173,0.154099
-0.341455,-0.318545,0.136471
-0.407858,-0.619904,0.153352
-0.518155,-0.538766,0.150805
-0.597913,-0.457405,0.135657
-0.647065,-0.394459,0.115006
-0.710221,-0.281350,0.096067
-0.746228,-0.193655,0.081067
-0.464583,-0.107393,0.083054
-0.770889,0.035980,0.110783
-0.761920,0.123832,0.127569
-0.761920,0.123832,0.127569
-0.389380,-0.641984,0.067884
-0.182362,-0.727516,0.032830
0.043081,-0.750666,0.069579
0.151049,-0.730373,-0.051753
0.194915,-0.720363,-0.060772
0.218261,-0.710864,-0.051433
0.224812,-0.711346,-0.039628
0.264797,-0.685385,-0.027188
0.323379,-0.654315,-0.021427
0.320368,-0.314193,-0.042140
0.510846,-0.487522,-0.145964
0.551069,-0.430281,-0.166728
0.582993,-0.370980,-0.196377
0.616737,-0.246490,-0.273254
0.623407,-0.135694,-0.335295
0.589512,0.009309,-0.410458
0.305474,0.155634,-0.468320
0.467167,0.240264,-0.487451
0.448429,0.262161,-0.488379
0.468348,0.261312,-0.469394
0.516696,0.239245,-0.424405
0.535473,0.215728,-0.424868
0.533846,0.192861,-0.210131
0.496488,0.283844,-0.452017
0.460741,0.331137,-0.458595
0.425232,0.365308,-0.471826
0.395057,0.371034,-0.484926
0.378770,0.353659,-0.508837
0.377344,0.335471,-0.513654
0.394567,0.274867,-0.499898
0.431207,0.292200,-0.483879
0.408691,0.340529,-0.475910
0.381114,0.383762,-0.464540
0.355988,0.387724,-0.476152
0.330788,0.400057,-0.488275
0.311813,0.426542,-0.477559
0.157730,0.473358,-0.445766
0.151519,0.532856,-0.426916
-0.036382,0.515778,-0.467956
-0.106808,0.503479,-0.482055
-0.252408,0.492876,-0.435020
-0.373532,0.436259,-0.414016
-0.469194,0.348302,-0.180774
-0.535899,0.269269,-0.380899
-0.594413,0.175160,-0.353013
-0.637655,0.064092,-0.321445
-0.654010,-0.037119,-0.291066
-0.659006,-0.118920,-0.245732
-0.660921,-0.192862,-0.187537
-0.656058,-0.063625,-0.150841
-0.654469,-0.243096,-0.139912
-0.629318,-0.295225,0.001284
-0.623185,-0.298360,0.040079
-0.619266,-0.266813,0.090212
-0.625568,-0.214939,0.134857
-0.621366,-0.179335,0.165368
-0.375869,-0.161735,0.179789
-0.614127,-0.130851,0.208435
-0.616517,-0.084610,0.223541
-0.615878,0.008651,0.231238
-0.615878,0.008651,0.231238
-0.456557,0.445830,0.119106
-0.394707,0.505676,0.113859
-0.353953,0.538500,0.075446
-0.310080,0.558773,0.059840
-0.227408,0.609564,0.023643
-0.085443,0.633259,-0.015173
0.075262,0.626523,-0.048070
0.232738,0.584269,-0.068297
0.329504,0.400889,-0.103904
0.413620,0.473497,-0.138485
0.570905,0.243764,-0.239628
0.607733,0.127182,-0.257149
0.629141,-0.008636,-0.247829
0.623579,-0.125465,-0.249510
0.604309,-0.225619,-0.247440
0.326752,-0.328762,-0.245505
0.511879,-0.387843,-0.268288
0.450531,-0.456802,-0.288063
0.403562,-0.505461,-0.272145
0.387907,-0.528643,-0.228670
0.094260,-0.679239,-0.113233
-0.140286,-0.673327,0.003761
-0.195246,-0.650507,-0.151871
-0.246092,-0.633680,-0.144339
-0.302023,-0.608337,-0.140196
-0.325769,-0.594831,-0.139012
-0.341109,-0.581438,-0.136516
-0.347877,-0.581445,-0.134878
-0.376109,-0.259891,-0.147946
-0.425980,-0.532616,-0.128705
-0.425980,-0.532616,-0.128705
-0.549829,-0.400698,-0.055095
-0.576904,-0.361455,-0.071800
-0.610892,-0.300343,-0.091180
-0.638223,-0.215567,-0.119600
-0.408963,-0.075034,-0.128724
-0.673667,0.004497,-0.145679
-0.668939,0.080568,-0.171288
-0.642176,0.165291,-0.209827
-0.598646,0.254810,-0.246044
-0.598646,0.254810,-0.246044
-0.425921,0.459037,-0.111793
-0.366003,0.503779,-0.297624
-0.305684,0.540079,-0.298179
-0.238291,0.566829,-0.313205
-0.187825,0.576464,-0.313406
-0.175952,0.576545,-0.318140
-0.155857,0.586340,-0.316197
-0.140923,0.431147,-0.311512
-0.113816,0.592632,-0.314520
-0.100605,0.598745,-0.301773
0.013496,0.612083,-0.279752
0.055645,0.611786,-0.280655
0.118080,0.599519,-0.278289
0.175250,0.588526,-0.263967
0.112128,0.585348,-0.254945
0.202020,0.581040,-0.247706
0.188281,0.587397,-0.235875
0.162575,0.598589,-0.216629
0.082662,0.619825,-0.186383
-0.059127,0.628975,-0.177885
-0.061079,0.624565,-0.056750
-0.488783,0.440006,-0.171854
-0.536739,0.370735,-0.185943
-0.546370,0.354824,-0.205620
-0.511010,0.381800,-0.219959
-0.510660,0.367220,-0.232485
-0.540034,0.304733,-0.253354
-0.592355,0.113722,-0.338875
-0.538172,-0.144123,-0.404761
-0.469179,-0.253798,-0.435325
-0.298481,-0.426135,-0.464283
-0.300144,-0.439735,-0.457456
-0.329124,-0.436838,-0.439121
-0.335864,-0.431658,-0.442270
-0.199202,-0.408035,-0.477986
-0.284443,-0.385708,-0.522185
-0.241877,-0.361150,-0.563352
-0.228317,-0.338880,-0.581398
-0.201072,-0.341875,-0.596709
-0.201072,-0.341875,-0.596709
-0.206144,-0.353337,-0.281878
-0.201072,-0.341875,-0.596709
0.153905,-0.147979,-0.675904
0.181674,-0.039186,-0.687627
0.181871,0.095770,-0.677997
0.147028,0.192520,-0.666758
0.125905,0.257255,-0.650883
0.100554,0.253439,-0.644136
0.090152,0.285750,-0.645883
0.105800,0.254266,-0.656221
0.113038,0.217764,-0.664578
0.107199,0.267268,-0.646616
0.100109,0.287027,-0.637239
0.081510,0.290451,-0.635552
0.051599,0.295575,-0.632232
0.105035,0.293525,-0.633274
0.090041,0.287207,-0.640010
-0.034835,0.315145,-0.646439
-0.134757,0.333610,-0.627506
-0.220512,0.305697,-0.622437
-0.255273,0.254949,-0.323317
-0.304913,0.188620,-0.646219
-0.357889,0.095563,-0.648316
-0.386003,0.020148,-0.635645
-0.402460,-0.033475,-0.627540
-0.420566,-0.102373,-0.612506
-0.428768,-0.175234,-0.582547
-0.430166,-0.017273,-0.592167
-0.359992,-0.365669,-0.551557
-0.295523,-0.428396,-0.540194
-0.233031,-0.496896,-0.507576
-0.174029,-0.538311,-0.483986
-0.121924,-0.581733,-0.449694
-0.041382,-0.613908,-0.409260
0.024402,-0.623451,-0.390746
0.092929,-0.631503,-0.367912
0.124419,-0.639785,-0.330847
0.124419,-0.639785,-0.330847
0.172830,-0.641217,-0.302019
0.240321,-0.600583,-0.331304
0.302464,-0.546009,-0.146561
0.363207,-0.472078,-0.399944
0.425057,-0.407109,-0.408244
0.491487,-0.338132,-0.390071
0.529300,-0.296177,-0.357703
0.549020,-0.227454,-0.368291
0.573566,-0.179783,-0.352371
0.575573,-0.025549,-0.361838
0.567065,-0.187727,-0.362173
0.557209,-0.205856,-0.366810
0.554015,-0.181522,-0.392065
0.580806,0.015576,-0.397242
0.568526,0.086307,-0.410234
0.559346,0.016763,-0.425154
0.326381,0.037582,-0.442196
0.526450,0.153371,-0.453640
0.447098,0.337712,-0.452739
0.176762,0.546236,-0.432755
-0.126248,0.563070,-0.462922
-0.240660,0.540490,-0.460533
-0.347224,0.498647,-0.206891
-0.411095,0.481563,-0.411494
-0.451576,0.456189,-0.394160
-0.475414,0.452408,-0.377020
-0.475507,0.457323,-0.374338
-0.421942,0.500476,-0.378144
-0.260539,0.580303,-0.402936
-0.062001,0.456184,-0.411609
-0.063477,0.622884,-0.421761
0.407575,0.487890,-0.394005
0.544853,0.358756,-0.363786
0.606187,0.255597,-0.342435
0.665684,0.111123,-0.287232
0.678572,-0.028256,-0.270059
0.396339,-0.105068,-0.256221
0.654559,-0.180605,-0.255757
0.616755,-0.265234,-0.263170
0.550864,-0.353488,-0.302526
0.550864,-0.353488,-0.302526
0.466289,-0.400937,-0.357376
0.417723,-0.412621,-0.164362
0.374880,-0.393891,-0.439244
0.329802,-0.390863,-0.466752
0.286386,-0.387902,-0.492803
0.291389,-0.376108,-0.496612
0.268035,-0.351469,-0.525915
0.249595,-0.327191,-0.546365
0.237570,-0.108620,-0.560945
0.239474,-0.323716,-0.547846
0.180365,-0.195443,-0.616967
0.158316,-0.144351,-0.638975
0.141244,-0.095188,-0.655015
0.102141,-0.035878,-0.669703
0.058036,0.011637,-0.680582
0.007119,0.082259,-0.682294
-0.019188,0.154272,-0.681649
-0.033792,0.238942,-0.664155
-0.024577,0.301734,-0.647333
0.001939,0.331247,-0.637797
0.023432,0.354044,-0.626250
0.020220,0.339549,-0.320235
0.021726,0.359133,-0.628013
0.012985,0.372152,-0.616698
-0.010765,0.380527,-0.612222
0.031456,0.380393,-0.617605
0.087031,0.373033,-0.610920
0.117419,0.362665,-0.607971
0.200877,0.277424,-0.610546
0.266919,0.249767,-0.613279
0.266919,0.249767,-0.613279
0.379474,0.307431,-0.523907
0.424539,0.297543,-0.491509
0.456646,0.266744,-0.478410
0.475051,0.249218,-0.459862
0.287373,0.232176,-0.456212
0.490686,0.210873,-0.465311
0.482624,0.199811,-0.480848
0.482693,0.194842,-0.482035
0.494633,0.176287,-0.479673
0.494633,0.176287,-0.479673
0.577392,0.018109,-0.191488
0.614759,-0.060985,-0.366488
0.642757,-0.136119,-0.282055
0.665261,-0.195127,-0.180609
0.669368,-0.226346,-0.104297
0.650669,-0.294874,-0.053515
0.612039,-0.369414,-0.016829
0.591328,-0.171757,-0.003124
0.580070,-0.437359,0.020798
0.543478,-0.490622,0.023361
0.398051,-0.633637,0.036765
0.279280,-0.699007,0.022494
0.209417,-0.730527,-0.014281
0.147576,-0.749365,-0.034128
0.049910,-0.767640,-0.015980
0.077941,-0.768819,0.010298
0.131897,-0.772602,0.010841
0.172289,-0.781584,0.019447
0.123221,-0.814086,0.050812
0.089164,-0.850478,0.094006
0.047483,-0.837169,0.058716
0.008671,-0.822910,-0.048950
-0.029817,-0.799783,-0.079320
-0.040949,-0.781108,-0.130874
-0.057390,-0.756135,-0.170778
-0.155513,-0.747674,-0.152762
-0.297832,-0.717518,-0.124678
-0.501203,-0.282257,-0.111069
-0.627629,-0.460079,-0.104894
-0.716714,-0.288463,-0.119392
-0.716714,-0.288463,-0.119392
-0.759594,0.167963,0.062246
-0.686906,0.363882,0.033790
-0.507175,0.576298,-0.057607
-0.200141,0.667328,-0.145860
-0.170418,0.692904,-0.212137
-0.197145,0.681700,-0.219808
-0.402426,0.598669,-0.189393
-0.657396,0.335263,-0.103666
-0.738250,-0.029075,0.009752
-0.739341,-0.031542,0.077516
-0.339596,-0.604447,-0.009992
-0.073259,-0.658952,-0.083995
0.144764,-0.626820,-0.141376
0.328340,-0.526076,-0.194748
0.435934,-0.406271,-0.250604
0.494630,-0.282720,-0.307111
0.516543,-0.028249,-0.357403
0.522703,-0.108345,-0.376483
0.519182,-0.047175,-0.403982
0.490875,-0.034220,-0.432463
0.407955,-0.033930,-0.514103
0.400856,0.028503,-0.529682
0.396571,0.106731,-0.520958
0.229782,0.143062,-0.519535
0.383824,0.196901,-0.517249
0.361307,0.253765,-0.514272
0.331599,0.325038,-0.492649
0.297073,0.383225,-0.477570
0.288476,0.396570,-0.475218
0.282899,0.379249,-0.228521
0.286792,0.388047,-0.470191
0.299900,0.320893,-0.509582
0.287722,0.344036,-0.500300
0.263956,0.362620,-0.500917
0.216405,0.396330,-0.498958
0.145207,0.435229,-0.496799
0.061330,0.360568,-0.475507
-0.029769,0.500063,-0.450751
-0.123120,0.512968,-0.418213
-0.268262,0.481197,-0.386283
-0.268262,0.481197,-0.386283
-0.616622,0.143510,-0.213524
-0.651492,-0.027524,-0.142717
-0.398112,-0.121787,-0.085877
-0.611849,-0.261519,-0.056283
-0.562227,-0.360975,-0.042352
-0.502835,-0.440790,-0.019404
-0.435257,-0.512674,0.013309
-0.333778,-0.577554,0.029955
-0.221554,-0.629534,0.102738
-0.220462,-0.627067,0.034975
0.209555,-0.615791,-0.091319
0.337758,-0.549925,-0.138371
0.436811,-0.473007,-0.161622
0.520324,-0.371194,-0.177116
0.580088,-0.261007,-0.188133
0.614961,-0.021860,-0.197545
0.627072,-0.106834,-0.165800
0.635054,-0.083996,-0.152471
0.636273,-0.064569,-0.135805
0.634193,-0.089357,-0.096998
0.640500,0.033874,-0.042089
0.632804,0.047142,0.007925
0.366427,0.064394,0.049937
0.612639,0.077768,0.088439
0.603526,0.096777,0.118764
0.582504,0.122458,0.151922
0.563224,0.136298,0.188745
0.542485,0.143833,0.215556
0.513766,0.155859,0.212589
0.490548,0.147949,0.296894
0.490548,0.147949,0.296894
0.413917,0.054534,0.401118
0.404270,-0.017771,0.416175
0.418180,-0.054484,0.412154
0.428204,-0.035974,0.406335
0.439116,0.072852,0.394978
0.473363,0.073896,0.361389
0.490298,0.101274,0.339978
0.517441,0.145868,0.302393
0.530884,0.239601,0.248696
0.530884,0.239601,0.248696
0.449826,0.486203,0.008937
0.293397,0.438042,0.034665
0.491953,0.455116,0.027795
0.464704,0.475181,0.033124
0.459551,0.488665,0.030923
0.456179,0.488689,0.030995
0.440891,0.507322,0.027211
0.396103,0.541340,0.065870
0.345304,0.568522,0.064297
0.265617,0.614178,0.066228
-0.050975,0.688959,0.007489
-0.190668,0.668285,0.008824
-0.303436,0.619980,0.029137
-0.404655,0.555653,0.074015
-0.469067,0.371519,0.104550
-0.528853,0.434837,0.115397
-0.583764,0.339520,0.129869
-0.621972,0.250563,0.149547
-0.636832,0.184773,0.170280
-0.641660,0.147756,0.178606
-0.635157,0.124963,0.206675
-0.369191,0.207332,0.227121
-0.498782,0.334541,0.293695
-0.383952,0.431094,0.324026
-0.253405,0.504862,0.334546
-0.162677,0.547917,0.325464
-0.081708,0.586728,0.297486
0.023943,0.600484,0.218419
0.163344,0.593174,0.251513
0.332803,0.513675,0.242239
0.332803,0.513675,0.242239
0.572045,0.196491,0.231062
0.615558,0.122427,0.191429
0.626748,0.034269,0.178692
0.639119,0.044698,0.137557
0.640036,-0.155033,0.099083
0.624196,-0.231173,0.083222
0.588113,-0.300364,0.064399
0.555415,-0.362718,0.040615
0.403171,-0.519515,0.066928
0.403171,-0.519515,0.066928
-0.047358,-0.590298,0.271800
-0.188325,-0.553128,0.290487
-0.288369,-0.504199,0.298623
-0.338986,-0.480022,0.287822
-0.369333,-0.457607,0.275196
-0.401520,-0.437236,0.273165
-0.422967,-0.420650,0.235275
-0.446883,-0.407527,0.247013
-0.474023,-0.380385,0.241478
