-0.450786,0.134544,0.295820
-0.449503,0.135734,0.298177
-0.450846,0.138390,0.298069
-0.450831,0.138452,0.296853
-0.449458,0.135918,0.294527
-0.453496,0.132936,0.301993
-0.453496,0.132936,0.301993
-0.114630,-0.219847,0.515841
-0.234540,-0.328874,0.447059
-0.345087,-0.205456,0.425631
-0.331074,-0.037130,0.461343
-0.300300,0.074641,0.464296
-0.297850,0.117504,0.451360
-0.324251,0.139795,0.432432
-0.349088,0.111193,0.427979
-0.364678,0.082457,0.424639
-0.385575,0.071451,0.410832
-0.401507,0.079537,0.305487
-0.386770,0.039222,0.422047
-0.372236,0.019914,0.436121
-0.365657,0.022447,0.437140
-0.300961,-0.040036,0.487822
-0.307482,-0.038233,0.479321
-0.297993,-0.057843,0.474053
-0.340744,0.043135,0.440746
-0.428255,0.044425,0.351912
-0.503614,0.057514,0.235697
-0.548387,0.060090,0.113548
-0.562881,0.035870,-0.084151
-0.543254,0.037550,-0.173031
-0.509544,0.074039,-0.247916
-0.265660,0.087851,-0.326611
-0.407564,0.094177,-0.376221
-0.350609,0.144519,-0.415616
-0.295176,0.192691,-0.437906
-0.263551,0.220592,-0.446847
-0.238800,0.254302,-0.438990
-0.253659,0.238136,-0.194521
-0.250706,0.250303,-0.436240
-0.426029,0.067251,-0.362624
-0.434398,0.101034,-0.350747
-0.440675,0.065612,-0.353885
-0.414606,0.133426,-0.368252
-0.381617,0.173774,-0.388706
-0.352371,0.183124,-0.406466
-0.340284,0.181600,-0.419882
-0.326985,0.184510,-0.427451
-0.320513,0.198888,-0.425767
-0.320513,0.198888,-0.425767
-0.236482,0.292523,-0.438363
-0.069059,0.372035,-0.446418
0.013385,0.399883,-0.436532
0.097104,0.408124,-0.430604
0.293431,0.329567,-0.423171
0.426339,0.210898,-0.394941
0.436263,0.145294,-0.404147
0.442200,0.074183,-0.408199
0.396635,0.134933,-0.192190
0.174783,0.343158,-0.463679
-0.252433,0.379715,-0.385194
-0.410476,0.312910,-0.290476
-0.476280,0.227473,-0.260270
-0.513218,0.166761,-0.227906
-0.539531,0.100675,-0.195416
-0.540722,0.099495,-0.205054
-0.526918,0.061165,-0.225277
-0.524232,0.059944,-0.227678
-0.512377,0.084214,-0.239861
-0.504001,0.061381,-0.259526
-0.505515,0.070162,-0.250209
-0.506481,0.137177,-0.218119
-0.276980,0.234174,-0.216784
-0.397729,0.252110,-0.316924
-0.371285,0.273683,-0.330365
-0.332054,0.251005,-0.384369
-0.263926,0.249083,-0.436030
-0.187225,0.278386,-0.454052
-0.143976,0.281817,-0.215248
-0.120814,0.285772,-0.480645
-0.120814,0.285772,-0.480645
0.060249,0.219416,-0.529414
0.072141,0.219262,-0.528332
0.061606,0.220912,-0.533140
-0.004734,0.243854,-0.532221
-0.088061,0.218015,-0.515496
-0.148985,0.222952,-0.512592
-0.178186,0.225518,-0.506306
-0.220082,0.177145,-0.508431
-0.275423,0.134816,-0.497332
-0.360368,0.101582,-0.452339
-0.479893,-0.008590,-0.341496
-0.296793,-0.120755,-0.293523
-0.496552,-0.204195,-0.254577
-0.458936,-0.279949,-0.250286
-0.424176,-0.334701,-0.243297
-0.404472,-0.377763,-0.203914
-0.384953,-0.418853,-0.151274
-0.368492,-0.452063,0.033451
-0.319065,-0.477791,0.012071
-0.242247,-0.514902,0.028675
-0.101311,-0.562270,0.002544
-0.066818,-0.564877,-0.003801
-0.049618,-0.569102,-0.001378
-0.063051,-0.568472,0.014522
-0.065457,-0.278839,0.013252
-0.044856,-0.569963,0.041074
-0.026404,-0.569030,0.045670
0.003941,-0.568249,0.051349
0.051449,-0.565018,0.057928
0.082618,-0.555380,0.097161
0.120660,-0.547459,0.116979
0.077639,-0.547124,0.117463
0.120660,-0.547459,0.116979
0.120660,-0.547459,0.116979
0.179505,-0.508443,0.144822
0.167653,-0.509489,0.141368
0.189758,-0.493508,0.160997
0.212985,-0.471534,0.192469
0.167947,-0.483702,0.205689
-0.124604,-0.487577,0.226248
-0.161705,-0.477968,0.225019
-0.107268,-0.495342,0.220340
-0.077706,-0.512804,0.195327
-0.069169,-0.526781,0.157049
-0.088237,-0.260798,0.129161
-0.105788,-0.539759,0.132595
-0.121645,-0.538190,0.130279
-0.105868,-0.537358,0.137338
-0.091274,-0.542762,0.137419
-0.095118,-0.544949,0.129071
-0.166753,-0.531532,0.136560
-0.188283,-0.456244,0.112691
-0.521411,-0.246546,-0.038774
-0.551997,-0.129540,-0.103300
-0.556025,-0.023262,-0.168850
-0.536095,0.042471,-0.219450
-0.518651,0.072016,-0.258636
-0.518878,0.005548,-0.092059
-0.499238,-0.185225,-0.263919
-0.417802,-0.394453,-0.184785
-0.347447,-0.474580,-0.151551
-0.315706,-0.504911,-0.131099
-0.222917,-0.563602,-0.003264
-0.180723,-0.559053,0.108878
-0.204422,-0.244757,0.206205
-0.316169,-0.409882,0.261266
-0.463773,-0.258922,0.223216
-0.526803,-0.098099,0.184941
-0.518837,-0.006572,0.226712
-0.499641,0.027461,0.255245
-0.481524,0.037937,0.280029
-0.280004,0.006287,0.298575
-0.472274,0.007782,0.300734
-0.549469,0.084304,0.078463
-0.544679,0.116325,-0.112360
-0.509028,0.140333,-0.227942
-0.443465,0.185186,-0.316931
-0.322182,0.198837,-0.188999
-0.255263,0.211049,-0.468341
-0.264669,0.215984,-0.459967
-0.273859,0.210887,-0.462051
-0.300775,0.228328,-0.437067
-0.300775,0.228328,-0.437067
-0.411672,0.149610,-0.401797
-0.433150,0.158104,-0.382529
-0.448083,0.167527,-0.358525
-0.496337,0.155759,-0.300393
-0.532406,0.121838,-0.249867
-0.545302,0.080993,-0.249037
-0.548115,0.092613,-0.243476
-0.523551,0.171975,-0.251082
-0.275430,0.255040,-0.290571
-0.388666,0.320853,-0.346911
-0.215377,0.339884,-0.465071
-0.163347,0.333076,-0.495693
-0.160449,0.320439,-0.507274
-0.155868,0.279239,-0.528470
-0.176350,0.252194,-0.250537
-0.315248,0.261537,-0.465133
-0.455249,0.222650,-0.351292
-0.552244,0.115194,-0.245689
-0.590033,-0.055515,-0.177880
-0.589903,-0.145092,-0.128833
-0.552954,-0.285031,-0.029344
-0.541446,-0.120861,-0.001903
-0.545584,-0.292894,0.020683
-0.569610,-0.245795,0.006644
-0.604470,-0.119094,-0.040082
-0.588740,0.067224,-0.152040
-0.514694,0.200272,-0.237936
-0.374024,0.303359,-0.342629
-0.134781,0.322034,-0.438484
-0.143419,0.304590,-0.483682
-0.143419,0.304590,-0.483682
-0.046285,0.184616,-0.554473
-0.048751,0.163532,-0.554680
-0.071448,0.172416,-0.543908
-0.180213,0.208975,-0.230332
-0.364184,0.256519,-0.357558
-0.466403,0.235402,-0.209791
-0.537480,0.132334,-0.064652
-0.551072,0.027182,0.033810
-0.474766,-0.248235,0.143980
-0.426716,-0.320593,0.157698
-0.388354,-0.156032,0.153262
-0.362757,-0.387477,0.164912
-0.336251,-0.409339,0.175326
-0.307515,-0.415187,0.208024
-0.271037,-0.413710,0.251214
-0.257850,-0.418088,0.257330
-0.260392,-0.417639,0.248846
-0.152027,-0.428267,0.232309
-0.341908,-0.382129,0.186263
-0.480408,-0.233253,0.057202
-0.530691,-0.075892,-0.045367
-0.530835,0.031373,-0.104941
-0.532267,0.047319,-0.106877
-0.544536,0.062302,0.016722
-0.549270,0.105601,-0.055995
-0.556484,0.101820,-0.005989
-0.569702,0.003674,0.058170
-0.552112,-0.135474,0.119020
-0.552112,-0.135474,0.119020
-0.552112,-0.135474,0.119020
-0.466165,-0.153592,0.133424
-0.477786,-0.342596,0.131404
-0.540132,-0.249951,0.084149
-0.585860,-0.098399,0.043677
-0.590257,-0.005925,0.016386
-0.592617,0.000734,-0.010589
-0.590870,-0.061697,-0.002861
-0.342208,-0.111954,0.036628
-0.548231,-0.205499,0.067622
-0.489309,-0.314980,0.082936
-0.381262,-0.443240,0.096125
-0.325198,-0.488038,0.085419
-0.245369,-0.530499,0.076756
-0.147753,-0.569302,0.123478
-0.041291,-0.581214,0.080382
0.011569,-0.577779,0.082036
0.033806,-0.574904,0.099845
-0.022014,-0.571422,0.118531
-0.176072,-0.535796,0.144146
-0.321045,-0.455913,0.154255
-0.322941,-0.212142,0.142973
-0.403960,-0.364730,0.165548
-0.420020,-0.344885,0.167241
-0.416515,-0.334541,0.197054
-0.370772,-0.345410,0.247989
-0.319647,-0.360044,0.294182
-0.315618,-0.363921,0.291889
-0.194881,-0.367417,0.262744
-0.301522,-0.408244,0.252527
-0.238797,-0.457001,0.240714
-0.238797,-0.457001,0.240714
-0.060619,-0.520225,0.208820
-0.022806,-0.540553,0.160790
0.014552,-0.557299,0.146458
0.052523,-0.560594,0.074698
0.071462,-0.563115,0.043048
0.094305,-0.563205,0.014880
0.098417,-0.559916,0.001333
0.106715,-0.553033,-0.031843
0.059471,-0.560637,-0.056423
-0.026544,-0.274435,-0.033511
-0.147838,-0.549171,0.012183
-0.259740,-0.506427,0.046685
-0.380667,-0.427133,0.038343
-0.436501,-0.370466,0.023016
-0.448645,-0.357695,0.033485
-0.423460,-0.387729,0.049146
-0.204167,-0.461235,0.057292
-0.229294,-0.532533,0.062103
-0.104455,-0.571130,0.047886
-0.012808,-0.582643,0.025517
-0.215079,-0.562708,0.003884
0.160915,-0.557730,-0.026187
0.207611,-0.541460,0.036002
0.252952,-0.508930,-0.119305
0.275476,-0.503507,-0.125884
0.284881,-0.486602,-0.148618
0.285031,-0.490081,-0.158165
0.260022,-0.504376,-0.158425
0.225816,-0.516971,-0.164725
0.157591,-0.259618,-0.169802
0.159797,-0.543220,-0.156675
-0.393762,-0.425111,-0.078081
-0.465732,-0.344814,-0.088250
-0.495335,-0.308404,-0.072609
-0.502533,-0.316216,-0.021202
-0.493669,-0.347963,0.031128
-0.269263,-0.399135,0.092781
-0.403066,-0.440233,0.144772
-0.373023,-0.459810,0.187799
-0.318972,-0.482868,0.217362
-0.292848,-0.487189,0.246380
-0.330090,-0.453584,0.240400
-0.368340,-0.424131,0.212262
-0.429297,-0.376281,0.189431
-0.481937,-0.331026,0.138195
-0.516073,-0.291452,0.091862
-0.540939,-0.249182,0.042869
-0.582984,-0.120679,-0.064525
-0.585736,-0.059659,-0.096443
-0.580727,0.063368,-0.155594
-0.558718,0.038004,-0.205634
-0.530503,0.070970,-0.262091
-0.491537,0.092253,-0.324197
-0.428598,0.112641,-0.398673
-0.346046,0.146937,-0.464315
-0.259743,0.163919,-0.501291
-0.093420,0.178001,-0.546339
-0.069720,0.161785,-0.568916
-0.009725,0.127723,-0.583805
0.014415,0.097478,-0.589963
0.046524,0.063204,-0.596025
0.058528,0.052589,-0.596886
0.059998,0.043627,-0.288632
0.068898,0.072105,-0.593058
0.066100,0.083787,-0.588713
0.035475,0.113250,-0.592151
-0.079130,0.178994,-0.568391
-0.217287,0.195486,-0.532367
-0.372394,0.136682,-0.465961
-0.494517,0.045906,-0.371761
-0.507903,-0.186795,-0.309853
-0.490315,-0.264514,-0.289466
-0.490315,-0.264514,-0.289466
-0.337440,-0.501613,-0.192881
-0.262077,-0.557013,-0.153572
-0.146896,-0.595807,-0.136121
-0.009030,-0.613489,-0.122339
0.081658,-0.603025,-0.109315
0.208170,-0.567829,-0.095427
0.317526,-0.510475,-0.099355
0.403068,-0.431097,-0.117375
0.451837,-0.366692,-0.146407
0.467288,-0.343993,-0.023372
0.465240,-0.327856,-0.185978
0.445812,-0.347827,-0.205453
0.421192,-0.368713,-0.232106
0.374151,-0.412341,-0.248951
0.316401,-0.467327,-0.248159
0.278164,-0.489702,-0.243038
0.239303,-0.238111,-0.265175
0.213705,-0.510891,-0.257081
0.207157,-0.503735,-0.267044
0.232362,-0.479078,-0.289107
0.232362,-0.479078,-0.289107
0.318253,-0.373683,-0.352018
0.335413,-0.341210,-0.370710
0.213428,-0.317282,-0.380112
0.353837,-0.308992,-0.384551
0.359126,-0.332257,-0.368973
0.351252,-0.366064,-0.351540
0.334132,-0.403828,-0.332604
0.330203,-0.422747,-0.323187
0.310562,-0.462713,-0.103198
0.312978,-0.452758,-0.300969
0.221781,-0.526766,-0.257652
0.183450,-0.546801,-0.246572
0.139676,-0.563316,-0.225885
0.042975,-0.586279,-0.199432
-0.132419,-0.592135,-0.132819
-0.300714,-0.250953,-0.124850
-0.392780,-0.442909,-0.144001
-0.452547,-0.357390,-0.181248
-0.489856,-0.281733,-0.209805
-0.512836,-0.181178,-0.237255
-0.482522,-0.034439,-0.325706
-0.472435,0.041251,-0.336613
-0.260896,0.113807,-0.344857
-0.412724,0.186235,-0.342816
-0.369955,0.266875,-0.326424
-0.336492,0.329653,-0.294536
-0.289744,0.391190,-0.266385
-0.207240,0.449865,-0.239729
-0.099934,0.486480,-0.067655
-0.012065,0.501723,-0.227409
-0.029880,0.489765,-0.275182
0.009910,0.488501,-0.282865
0.029889,0.488897,-0.294035
0.025287,0.467208,-0.334230
0.058989,0.443592,-0.368713
0.080354,0.316912,-0.405553
0.066082,0.367691,-0.461130
0.023268,0.326457,-0.499976
-0.038601,0.310477,-0.513078
-0.076948,0.308130,-0.512524
-0.076948,0.308130,-0.512524
-0.137820,0.304451,-0.508008
-0.084133,0.316587,-0.495846
-0.172528,0.312999,-0.488588
-0.163283,0.316957,-0.490092
-0.158032,0.322207,-0.490397
-0.156860,0.329767,-0.483481
-0.149119,0.345274,-0.478223
-0.144507,0.346529,-0.216064
-0.141503,0.358907,-0.461956
-0.131221,0.378056,-0.450830
-0.068017,0.402268,-0.444192
-0.046990,0.412442,-0.440054
-0.023202,0.413518,-0.439167
-0.007295,0.409426,-0.439161
0.011993,0.316786,-0.438729
0.011262,0.410789,-0.443080
0.011262,0.410789,-0.443080
0.032059,0.422751,-0.422035
0.011849,0.436416,-0.401808
-0.008189,0.449432,-0.394899
-0.032157,0.451712,-0.383807
-0.033951,0.466802,-0.368712
-0.094999,0.474048,-0.345286
-0.094859,0.471892,-0.354895
-0.112102,0.467751,-0.348436
-0.140100,0.473908,-0.335050
-0.157354,0.475181,-0.331269
-0.145276,0.470332,-0.132469
-0.137624,0.480012,-0.325655
-0.145568,0.482781,-0.326905
-0.127132,0.487745,-0.323709
-0.062268,0.498314,-0.334658
0.075926,0.475146,-0.369159
0.192832,0.433905,-0.381949
0.303800,0.290072,-0.380205
0.392222,0.303795,-0.373373
0.461481,0.225981,-0.359647
0.509341,0.158303,-0.334010
0.523877,0.148562,-0.326447
0.539556,0.142167,-0.306918
0.572662,0.084695,-0.271876
0.366659,-0.025153,-0.231633
0.528585,-0.380885,-0.139359
0.474797,-0.446853,-0.130822
0.423758,-0.490573,-0.145190
0.373993,-0.522214,-0.163773
0.362324,-0.521142,-0.183101
0.364549,-0.509246,-0.053008
0.449518,-0.395362,-0.257893
0.581056,0.031901,-0.273165
0.528974,0.239191,-0.266401
0.435545,0.364876,-0.283280
0.435545,0.364876,-0.283280
0.000545,0.541390,-0.309476
-0.154109,0.372540,-0.310773
-0.285526,0.439971,-0.318444
-0.369627,0.365163,-0.312786
-0.423274,0.292948,-0.311242
-0.455866,0.231029,-0.307993
-0.458072,0.200096,-0.322306
-0.421855,0.199132,-0.361509
-0.211723,0.212041,-0.416717
-0.276351,0.208813,-0.472846
-0.123504,0.215983,-0.535618
-0.060373,0.257638,-0.534642
-0.061380,0.329945,-0.502796
-0.111600,0.398823,-0.447167
-0.232934,0.409538,-0.168577
-0.368281,0.372074,-0.319189
-0.438677,0.333251,-0.270465
-0.501442,0.294465,-0.197564
-0.560230,0.227010,-0.106393
-0.595176,0.163583,-0.020538
-0.608806,0.104696,0.050299
-0.610567,0.111750,0.080326
-0.607884,0.085284,0.094869
-0.600206,0.144225,0.076273
-0.584590,0.189448,0.066714
-0.597791,0.136427,0.099660
-0.606516,-0.007378,0.152538
-0.589829,-0.121577,0.163707
-0.336628,-0.198394,0.153414
-0.555868,-0.221946,0.159474
-0.555868,-0.221946,0.159474
-0.559417,-0.232474,0.133310
-0.598317,-0.100572,0.088817
-0.590687,0.130198,-0.039669
-0.521714,0.262824,-0.037869
-0.363691,0.399177,-0.281672
-0.219102,0.451509,-0.348869
-0.108803,0.456767,-0.392859
0.001735,0.437074,-0.439335
0.104751,0.370001,-0.487166
0.104751,0.370001,-0.487166
0.257231,0.127584,-0.565053
0.309706,-0.003408,-0.548667
0.342734,-0.031164,-0.527135
0.343370,0.049277,-0.526020
0.321647,0.116787,-0.526472
0.312109,0.152578,-0.528021
0.299352,0.228357,-0.510761
0.146130,0.325010,-0.491626
0.109436,0.412514,-0.467352
-0.038328,0.461783,-0.425456
-0.246800,0.450709,-0.354578
-0.374927,0.376094,-0.319298
-0.480345,0.269432,-0.280369
-0.518063,0.215062,-0.085807
-0.545156,0.177162,-0.219525
-0.567659,0.147254,-0.198463
-0.583583,0.106221,-0.167255
-0.583610,0.097916,-0.159589
-0.572954,0.124071,-0.182766
-0.561245,0.139547,-0.177553
-0.541125,0.163207,-0.215284
-0.542491,0.160838,-0.210305
-0.514660,0.201779,-0.241647
-0.459038,0.267111,-0.290215
-0.480415,0.252761,-0.263822
-0.496467,0.243967,-0.243814
-0.525742,0.210730,-0.207959
-0.321951,0.156021,-0.177451
-0.553155,0.127824,-0.181956
-0.547135,0.095286,-0.218131
-0.522657,0.078723,-0.260114
-0.508677,0.039386,-0.293639
-0.489566,0.008901,-0.320354
-0.475754,-0.031129,-0.130801
-0.456642,-0.084819,-0.351577
-0.439040,-0.126980,-0.355893
-0.420191,-0.161274,-0.359374
-0.414797,-0.205950,-0.337951
-0.439001,-0.248330,-0.278678
-0.455350,-0.293846,-0.210856
-0.462822,-0.125926,-0.149396
-0.446155,-0.363819,-0.054835
-0.409475,-0.407934,0.002600
-0.358075,-0.450104,0.045213
-0.303996,-0.482605,0.078854
-0.263022,-0.503564,0.095125
-0.263022,-0.503564,0.095125
-0.125209,-0.526966,0.117666
-0.223795,-0.515337,0.138897
-0.223875,-0.512936,0.143640
-0.196247,-0.524715,0.163279
-0.139424,-0.536353,0.175294
-0.095824,-0.541028,0.182285
-0.090633,-0.541487,0.190519
-0.070602,-0.542241,0.175982
-0.030721,-0.551320,0.166234
0.041200,-0.562189,0.134357
0.133216,-0.559899,0.073730
0.214200,-0.537523,0.035353
0.251340,-0.526494,0.019851
0.251807,-0.256215,0.013378
0.260497,-0.526994,0.028261
0.260717,-0.531551,0.013910
0.231833,-0.548155,0.007734
0.152645,-0.578148,0.013683
0.048085,-0.599359,0.032866
-0.031424,-0.602000,0.046044
-0.012834,-0.602144,0.045835
-0.399479,-0.422723,0.163332
-0.473788,-0.308375,0.211065
-0.514584,-0.203398,0.229724
-0.528425,-0.144377,0.239280
-0.527710,-0.097743,0.256523
-0.510856,-0.037861,0.243932
-0.495962,-0.016090,0.306969
-0.471209,-0.026060,0.343545
-0.441910,-0.096485,0.374379
-0.441910,-0.096485,0.374379
-0.312254,-0.313201,0.410833
-0.289441,-0.348910,0.408584
-0.302929,-0.145458,0.399306
-0.298633,-0.345825,0.401268
-0.312072,-0.324739,0.404086
-0.321137,-0.336145,0.396226
-0.324814,-0.349931,0.382348
-0.335278,-0.353450,0.375353
-0.314634,-0.409019,0.348570
-0.157635,-0.465895,0.325120
-0.040839,-0.541126,0.332108
0.034933,-0.556608,0.312534
0.082707,-0.561841,0.303730
0.088190,-0.570652,0.294368
0.064378,-0.578650,0.299868
0.003484,-0.555113,0.288102
-0.100055,-0.516138,0.395944
-0.213636,-0.443446,0.438784
-0.339070,-0.336304,0.454683
-0.421985,-0.223281,0.451616
-0.421985,-0.223281,0.451616
-0.542124,0.106371,0.320026
-0.530481,0.154042,0.309187
-0.492864,0.220582,0.323865
-0.451073,0.308115,0.308401
-0.423411,0.368838,0.277357
-0.443140,0.342167,0.286103
-0.491558,0.246442,0.308090
-0.533076,0.139555,0.314742
-0.328004,0.031951,0.320995
-0.552142,0.033694,0.323512
-0.477454,-0.061344,0.442322
-0.473032,0.034697,0.447524
-0.488010,0.136820,0.413841
-0.477759,0.191344,0.403914
-0.454540,0.261065,0.299862
-0.428072,0.323695,0.362013
-0.395221,0.379857,0.342040
-0.333408,0.436564,0.332627
-0.230937,0.487392,0.354563
-0.127019,0.500494,0.391577
0.066998,0.473860,0.442738
0.175109,0.303916,0.478486
0.263169,0.370083,0.479250
0.320508,0.319615,0.476072
0.387255,0.224624,0.490624
0.443835,0.109589,0.485596
0.457628,0.049001,0.480966
0.468471,0.025412,0.475867
0.276893,0.070310,0.480859
0.406080,0.169751,0.502657
0.318899,0.277489,0.526579
0.188504,0.338249,0.547113
0.049201,0.359577,0.565939
-0.069647,0.312266,0.581645
-0.120101,0.254574,0.425557
-0.144311,0.175308,0.614342
-0.147784,0.085909,0.634302
-0.078523,0.004004,0.650644
0.014647,-0.066769,0.651633
0.112136,-0.147053,0.631172
0.189606,-0.186945,0.598150
0.277988,-0.075424,0.543419
0.380608,-0.216444,0.471115
0.432821,-0.203384,0.412876
0.475951,-0.203175,0.349272
0.469114,-0.255920,0.297196
0.469114,-0.255920,0.297196
0.546715,-0.196966,0.083653
0.334348,-0.146306,-0.100665
0.520563,-0.101287,-0.212900
0.512628,-0.078001,-0.228448
0.551559,-0.130588,-0.134246
0.547363,-0.186105,-0.079448
0.543596,-0.200259,-0.086028
0.547514,-0.174560,0.005605
0.560615,-0.121950,-0.123831
0.558161,-0.081545,-0.165717
0.510850,0.041645,-0.271590
0.475371,0.079784,-0.315415
0.408096,0.135735,-0.366977
0.372786,0.136343,-0.399356
0.351622,0.153774,-0.410839
0.337415,0.127140,-0.420360
0.291707,0.104018,-0.451518
0.287010,0.049171,-0.462267
0.285059,-0.024400,-0.468539
0.285572,-0.100112,-0.458967
0.257274,-0.276773,-0.405553
0.137479,-0.424262,-0.313603
0.100381,-0.560016,-0.153994
-0.052892,-0.589417,-0.042865
-0.117141,-0.583803,0.013433
-0.163380,-0.572247,0.001300
-0.198941,-0.559023,-0.019528
-0.188036,-0.567338,0.065028
-0.136273,-0.580709,-0.044729
-0.105335,-0.573389,-0.090322
-0.053053,-0.557316,-0.155981
0.041152,-0.555560,-0.180208
0.092763,-0.534060,-0.196364
0.153876,-0.506178,-0.235979
0.237787,-0.205392,-0.271528
0.291193,-0.408717,-0.280918
0.351639,-0.356274,-0.284051
0.384484,-0.311063,-0.296235
0.397580,-0.311717,-0.285437
0.390980,-0.329353,-0.274835
0.390980,-0.329353,-0.274835
0.197492,-0.431423,-0.233885
0.217533,-0.469177,-0.273620
0.081798,-0.497320,-0.295009
-0.029330,-0.512820,-0.283295
-0.049234,-0.512911,-0.278206
-0.035929,-0.499050,-0.293564
-0.040916,-0.497754,-0.109119
-0.044894,-0.475914,-0.332147
-0.028961,-0.467610,-0.342423
0.068889,-0.457665,-0.346446
0.224692,-0.340015,-0.402242
0.257524,-0.285299,-0.419720
0.271974,-0.254434,-0.432239
0.279857,-0.071425,-0.444458
0.295562,-0.225516,-0.433854
0.327081,-0.207610,-0.427770
0.315343,-0.227299,-0.427934
0.265493,-0.307078,-0.407883
0.190481,-0.367651,-0.398137
0.108649,-0.423555,-0.375182
-0.055829,-0.445806,-0.351617
-0.172132,-0.451297,-0.328173
-0.221464,-0.455216,-0.294659
-0.230763,-0.462125,-0.286951
-0.238688,-0.453820,-0.293311
-0.247912,-0.442675,-0.303427
-0.227783,-0.451215,-0.111289
-0.185355,-0.457993,-0.324069
-0.181355,-0.461992,-0.323930
-0.185341,-0.453840,-0.327902
-0.225218,-0.443377,-0.319432
-0.238662,-0.459173,-0.291849
-0.269471,-0.463235,-0.258543
-0.312766,-0.201055,-0.250786
-0.353625,-0.439963,-0.208899
-0.385725,-0.420668,-0.193648
-0.389881,-0.424140,-0.176452
-0.392699,-0.431653,-0.157871
-0.395718,-0.446821,-0.118305
-0.386650,-0.465437,-0.090853
-0.224643,-0.480013,-0.064148
-0.355243,-0.508065,-0.035853
-0.344514,-0.513011,-0.044241
-0.355169,-0.507759,-0.041935
-0.359119,-0.502192,-0.047000
-0.362921,-0.496012,-0.064230
-0.410908,-0.460257,0.045943
-0.497657,-0.348009,-0.071958
-0.554902,-0.211137,-0.133456
-0.569841,-0.070626,-0.195614
-0.534710,0.105518,-0.266071
-0.428356,0.285664,-0.322979
-0.149064,0.409670,-0.420542
-0.031305,0.302269,-0.456967
-0.075996,0.407621,-0.444348
-0.127922,0.414858,-0.422241
-0.172952,0.409549,-0.414193
-0.529555,0.134948,-0.274775
-0.553492,-0.007362,-0.275178
-0.546030,-0.110415,-0.274126
-0.304258,-0.182992,-0.288123
-0.502755,-0.203813,-0.287283
-0.504268,-0.128129,-0.322323
-0.440624,-0.006537,-0.414847
-0.323896,0.075727,-0.495244
-0.242840,0.088843,-0.533192
-0.203572,0.043105,-0.260860
-0.138397,-0.013309,-0.566066
-0.110153,-0.064873,-0.568856
-0.080657,-0.111278,-0.569473
-0.040887,-0.113988,-0.574661
-0.009288,-0.080734,-0.585063
-0.012277,-0.024784,-0.594903
-0.090088,0.108373,-0.596536
-0.279969,0.094239,-0.529372
-0.409907,0.027180,-0.460448
-0.458915,-0.034113,-0.414570
-0.458915,-0.034113,-0.414570
-0.484620,-0.200089,-0.364107
-0.465764,-0.241182,-0.363634
-0.268666,-0.253359,-0.364141
-0.472536,-0.248602,-0.346224
-0.503680,-0.189876,-0.327959
-0.551691,-0.066841,-0.273654
-0.560803,0.034876,-0.247932
-0.529625,0.136026,-0.269971
-0.476585,0.205736,-0.117084
-0.433135,0.241400,-0.334217
-0.422107,0.233589,-0.364317
-0.453442,0.178213,-0.360172
-0.498201,0.108486,-0.330939
-0.513664,0.047511,-0.323079
-0.529473,0.005584,-0.300324
-0.544412,0.003989,-0.268530
-0.544756,-0.165240,-0.233984
-0.532477,-0.163802,-0.264527
-0.525660,-0.195786,-0.259483
-0.524362,-0.212284,-0.246599
-0.537879,-0.179231,-0.245549
-0.532285,-0.176663,-0.271213
-0.308291,-0.169609,-0.291124
-0.512127,-0.126377,-0.329593
-0.503210,-0.030931,-0.365670
-0.488349,-0.035234,-0.387483
-0.467989,-0.066035,-0.408131
-0.459618,-0.125750,-0.403032
-0.473950,-0.248968,-0.129434
-0.432684,-0.382045,-0.271336
-0.432684,-0.382045,-0.271336
-0.154631,-0.537566,-0.295255
-0.069582,-0.539401,-0.325276
-0.062756,-0.529029,-0.348890
-0.053411,-0.512369,-0.366758
-0.052885,-0.237745,-0.380713
-0.083977,-0.535907,-0.339832
-0.131807,-0.539101,-0.320929
-0.142562,-0.550643,-0.299642
-0.129559,-0.570797,-0.268524
-0.127022,-0.572630,-0.258762
-0.128457,-0.562159,-0.256804
-0.059090,-0.554026,-0.272545
-0.084496,-0.542141,-0.294642
-0.052608,-0.532271,-0.312457
-0.012853,-0.517293,-0.328173
0.010996,-0.498223,-0.343894
-0.023273,-0.481039,-0.364920
-0.063121,-0.463631,-0.154018
-0.078866,-0.457506,-0.377501
-0.092057,-0.436763,-0.394083
-0.080134,-0.440886,-0.392817
-0.016787,-0.480258,-0.355325
0.049147,-0.506238,-0.322124
0.117890,-0.496067,-0.325819
0.181852,-0.209194,-0.343504
0.318018,-0.400594,-0.315580
0.387611,-0.311831,-0.333850
0.412262,-0.152924,-0.400959
0.393163,-0.021361,-0.442027
0.355841,0.050143,-0.466750
0.327780,0.103826,-0.479835
0.196741,0.121980,-0.477944
0.331828,0.087737,-0.475495
0.377499,-0.018996,-0.460155
0.417694,-0.172870,-0.398884
0.416494,-0.330725,-0.304188
0.239016,-0.511736,-0.270682
0.004547,-0.575308,-0.096608
-0.093661,-0.566249,-0.286138
-0.186661,-0.554847,-0.261322
-0.265051,-0.535131,-0.246767
-0.312974,-0.508670,-0.240158
-0.375433,-0.454720,-0.252856
-0.421945,-0.406062,-0.267921
-0.456640,-0.132368,-0.320251
-0.468336,-0.258604,-0.357942
-0.472495,-0.182899,-0.392952
-0.479424,-0.122705,-0.407797
-0.467571,-0.090252,-0.425213
-0.451643,-0.061492,-0.448572
-0.451643,-0.061492,-0.448572
-0.250003,-0.210691,-0.428217
-0.399905,-0.297506,-0.409106
-0.349201,-0.363025,-0.400589
-0.270518,-0.418398,-0.414706
-0.173385,-0.450996,-0.438588
-0.100258,-0.448709,-0.469876
-0.009609,-0.439761,-0.217476
0.069002,-0.413511,-0.489244
0.099325,-0.423743,-0.474560
0.130927,-0.420511,-0.465370
0.233536,-0.385497,-0.443916
0.305705,-0.295677,-0.457412
0.356402,-0.160531,-0.476400
0.386337,0.049137,-0.471910
0.374244,0.067258,-0.468971
0.357593,0.143375,-0.457747
0.322717,0.203111,-0.458900
0.322703,0.198959,-0.455067
0.341501,0.171279,-0.458855
0.350931,0.151425,-0.459257
0.216023,0.152474,-0.457741
0.340799,0.115139,-0.470803
0.359447,0.086847,-0.462427
0.390158,0.020870,-0.441523
0.409695,0.020814,-0.417480
0.410697,0.052247,-0.412883
0.396959,0.080291,-0.181671
0.368764,0.168920,-0.416594
0.289880,0.269883,-0.416722
0.220515,0.337702,-0.415422
0.144503,0.391793,-0.402489
0.062086,0.424952,-0.392152
0.126119,0.393872,-0.414506
0.259813,0.251211,-0.432494
0.381071,0.139074,-0.428699
0.439999,0.009137,-0.400303
0.470763,-0.089386,-0.362117
0.486551,-0.129465,-0.328894
0.509930,-0.207896,-0.243020
0.506704,-0.294916,-0.139452
0.287262,-0.367552,-0.049818
0.650158,-0.510761,0.060605
0.269099,-0.527053,0.080338
0.251453,-0.524665,0.114406
0.165063,-0.550197,0.163912
0.084274,-0.592248,0.095211
0.104695,-0.611871,0.062247
0.088869,-0.610178,-0.047186
-0.000925,-0.615603,-0.055600
-0.070930,-0.615952,-0.063266
-0.123971,-0.607848,-0.058174
-0.123971,-0.607848,-0.058174
-0.163490,-0.600007,-0.076279
-0.139289,-0.297896,-0.097851
-0.096806,-0.611974,-0.111685
-0.026414,-0.614124,-0.133028
0.064971,-0.607608,-0.146523
0.153576,-0.587964,-0.158168
0.218298,-0.567056,-0.164742
0.273671,-0.532787,-0.173040
0.175239,-0.531251,-0.161050
0.241733,-0.557883,-0.141172
0.112288,-0.613355,-0.118898
0.047493,-0.620911,-0.115370
0.048792,-0.623750,-0.111613
0.110960,-0.614729,-0.117606
0.125238,-0.621439,0.013068
0.158490,-0.600486,-0.120031
0.231149,-0.575549,-0.129310
0.279909,-0.549411,-0.132300
0.280992,-0.559967,-0.106343
0.202614,-0.598912,-0.053881
0.202614,-0.598912,-0.053881
0.200251,-0.295128,-0.067941
0.202614,-0.598912,-0.053881
0.308247,-0.533688,-0.082397
-0.433914,-0.470396,-0.115556
-0.476528,-0.416599,-0.128477
-0.500390,-0.386576,-0.144153
-0.490998,-0.395663,-0.148694
-0.292081,-0.367529,-0.189918
-0.506729,-0.347156,-0.192015
-0.514742,-0.343310,-0.188460
-0.517401,-0.351533,-0.181981
-0.504174,-0.357111,-0.178236
-0.497364,-0.364548,-0.188890
-0.499228,-0.372231,-0.036276
-0.500099,-0.364895,-0.181562
-0.500147,-0.370554,-0.174019
-0.485426,-0.386358,-0.177097
-0.494589,-0.365402,-0.198589
-0.537288,-0.253252,-0.243336
-0.552420,-0.117628,-0.287064
-0.548536,0.085099,-0.309858
-0.501265,0.164129,-0.334698
-0.468816,0.240478,-0.336188
-0.424548,0.312275,-0.327897
-0.426247,0.327119,-0.307939
-0.382968,0.371636,-0.308078
-0.515286,0.260636,-0.231022
-0.364479,0.031708,-0.112952
-0.597942,-0.216438,0.031091
-0.473821,-0.431386,0.085728
-0.354973,-0.538354,0.067470
-0.248611,-0.594371,0.061555
-0.139712,-0.634473,0.053659
-0.045341,-0.644323,0.128675
-0.001564,-0.641445,0.116688
-0.037055,-0.617009,0.187554
-0.189680,-0.535885,0.278990
-0.314672,-0.463788,0.283162
-0.425006,-0.377717,0.269530
-0.520713,-0.255956,0.226165
-0.576399,-0.022664,0.186871
-0.605042,-0.014958,0.145592
-0.600241,0.093564,0.112597
-0.574392,0.219180,0.077351
-0.507441,0.348936,0.031730
-0.420499,0.451834,-0.008024
-0.420499,0.451834,-0.008024
-0.258285,0.437294,-0.139059
-0.552691,0.288108,-0.115380
-0.618039,0.114441,-0.062888
-0.634976,-0.059103,0.031504
-0.535405,-0.305565,0.165542
-0.421739,-0.450268,0.163654
-0.391958,-0.494133,0.138800
-0.408185,-0.484537,0.055885
-0.469110,-0.424264,0.022249
-0.547558,-0.302392,-0.026174
-0.574870,-0.212857,-0.122225
-0.599379,-0.139079,-0.115655
-0.619441,-0.077015,-0.034580
-0.624471,0.055444,-0.038237
-0.611392,0.124079,-0.071906
-0.544009,0.269268,-0.161928
-0.456548,0.360652,-0.235128
-0.403152,0.379948,-0.286389
-0.353506,0.376970,-0.340214
-0.366470,0.346769,-0.341090
-0.214566,0.345587,-0.342796
-0.424158,0.196470,-0.386839
-0.468872,0.126927,-0.361255
-0.522008,0.066375,-0.303230
-0.554162,0.029472,-0.246545
-0.585172,-0.021835,-0.166151
-0.600009,-0.099349,0.012515
-0.593367,-0.130691,-0.073647
-0.585234,-0.169545,-0.063446
-0.578182,-0.192368,-0.083096
-0.578182,-0.192368,-0.083096
-0.553399,-0.090263,-0.227654
-0.536153,-0.027400,-0.273237
-0.520867,0.087683,-0.303018
-0.499361,0.073672,-0.320818
-0.488043,0.139418,-0.317931
-0.496289,0.143670,-0.296192
-0.528826,0.045114,-0.273044
-0.551206,-0.049825,-0.218635
-0.575690,-0.101550,-0.131017
-0.333642,-0.181996,-0.093692
-0.487443,-0.353713,-0.039052
-0.408688,-0.440186,-0.038381
-0.296138,-0.508935,-0.106872
-0.195700,-0.519728,-0.197324
-0.117255,-0.540583,-0.215467
-0.055777,-0.572632,-0.035028
-0.031621,-0.579603,-0.162476
-0.062321,-0.585943,-0.136346
-0.099736,-0.591277,-0.102904
-0.165164,-0.586424,-0.057476
-0.076676,-0.452580,-0.030735
-0.531695,-0.293010,-0.031647
-0.586455,-0.018474,-0.066797
-0.593594,-0.061998,-0.101097
-0.589778,-0.010779,-0.122930
-0.584716,0.048306,-0.143929
-0.568925,0.102445,-0.173317
-0.557154,0.145481,-0.191222
-0.534021,0.223041,-0.189021
-0.283896,0.306922,-0.218864
-0.416286,0.355872,-0.277840
-0.336259,0.382495,-0.347951
-0.249551,0.384766,-0.407302
-0.175792,0.360987,-0.471362
-0.138534,0.358849,-0.487469
-0.102108,0.354650,-0.227100
-0.023618,0.381766,-0.489864
0.026517,0.383531,-0.480820
0.046694,0.364268,-0.494721
0.059125,0.336296,-0.517835
0.081935,0.312860,-0.527932
0.128464,0.291579,-0.532338
0.164392,0.246930,-0.519764
0.139811,0.326041,-0.511014
0.073274,0.360461,-0.502132
0.032392,0.355856,-0.508725
0.012520,0.361363,-0.509963
-0.080392,0.377223,-0.495061
-0.151097,0.399927,-0.462534
-0.152262,0.388284,-0.414660
-0.378981,0.311606,-0.374502
-0.487354,0.209154,-0.313893
-0.559880,0.082367,-0.247718
-0.585962,-0.064684,-0.179929
-0.565745,-0.205298,-0.116614
-0.533935,-0.296778,0.043419
-0.494300,-0.360117,-0.015621
-0.494300,-0.360117,-0.015621
-0.444804,-0.396482,0.069213
-0.486121,-0.337343,0.054816
-0.539647,-0.227474,0.030927
-0.560417,-0.147848,0.051742
-0.560644,-0.009655,0.082950
-0.558221,-0.067806,0.139007
-0.556508,0.004787,0.164741
-0.556719,0.051700,0.150434
-0.570985,0.036612,0.137952
-0.570985,0.036612,0.137952
-0.596654,0.027790,0.081631
-0.341107,0.123357,0.106997
-0.532997,0.235449,0.140424
-0.462735,0.321507,0.175659
-0.402658,0.381985,0.196425
-0.305494,0.450541,0.207893
-0.214833,0.490940,0.229236
-0.155069,0.513265,0.195367
-0.085384,0.534138,0.214812
-0.041578,0.556251,0.187798
-0.240519,0.562602,0.016300
-0.386262,0.478208,-0.013284
-0.492410,0.360348,-0.013868
-0.562638,0.222551,-0.017583
-0.595114,0.125972,-0.000594
-0.601286,0.059224,0.008639
-0.593285,0.064883,-0.000209
-0.530667,0.270993,-0.067521
-0.248392,0.517875,-0.168391
-0.089553,0.553828,-0.201020
-0.089553,0.553828,-0.201020
-0.002076,0.549049,-0.251560
0.014631,0.542086,-0.273271
0.060105,0.521917,-0.299557
0.096172,0.506683,-0.317469
0.132186,0.488497,-0.329177
0.168108,0.478126,-0.338819
0.193641,0.454982,-0.145854
0.110961,0.497983,-0.330584
-0.180921,0.509152,-0.268264
-0.486172,0.315055,-0.163509
-0.596384,-0.114452,-0.054951
-0.538279,-0.296927,-0.031389
-0.448944,-0.420364,-0.006073
-0.404469,-0.212979,0.000781
-0.397334,-0.465768,0.022128
-0.420086,-0.437996,0.024744
-0.509787,-0.318797,0.031176
-0.555724,-0.217258,0.040347
-0.574889,-0.154227,0.049779
-0.583649,-0.070173,0.059330
-0.339944,-0.026130,0.113916
-0.565430,-0.016957,0.152506
-0.554021,-0.012272,0.188557
-0.556613,-0.027048,0.194125
-0.568270,-0.035481,0.180091
-0.584795,-0.048957,0.136014
-0.586749,-0.136192,0.138984
-0.577788,-0.190745,0.093974
-0.579478,-0.173132,0.111377
-0.576666,-0.111035,0.161852
-0.576666,-0.111035,0.161852
-0.543222,-0.089290,0.222337
-0.528840,-0.096936,0.240725
-0.528315,0.003619,0.237269
-0.530610,-0.041426,0.239385
-0.524702,0.073027,0.219448
-0.489937,0.195779,0.213353
-0.402115,0.337803,0.182694
-0.287055,0.466440,0.098954
-0.253696,0.498753,0.054601
-0.151787,0.500081,0.037584
-0.273340,0.488814,0.045583
-0.307874,0.461215,0.075170
-0.300227,0.457222,0.100747
-0.263053,0.487507,0.069791
-0.200304,0.530323,-0.004510
-0.155622,0.536926,0.014168
-0.155164,0.538813,-0.127975
-0.181080,0.526243,-0.162279
-0.217732,0.507667,-0.180407
-0.226734,0.501982,-0.197025
-0.225151,0.496214,-0.213763
-0.217145,0.499166,-0.221273
-0.181643,0.370774,-0.224224
-0.119095,0.520857,-0.248896
-0.047406,0.524049,-0.271716
-0.047406,0.524049,-0.271716
-0.142854,0.549940,-0.167461
-0.163555,0.561585,-0.107094
-0.154707,0.565274,-0.077034
-0.067289,0.575457,-0.057892
-0.050543,0.586216,-0.064652
0.036271,0.584823,-0.129902
0.104781,0.565361,-0.200168
0.123768,0.550750,-0.227618
0.166191,0.541222,-0.228881
0.199895,0.528537,-0.061462
0.202397,0.556592,-0.068637
0.223284,0.551173,-0.043148
0.232304,0.544646,-0.019896
0.228916,0.537514,0.043568
0.232437,0.526080,0.086525
0.214515,0.502757,0.159403
0.147929,0.322702,0.314127
0.074819,0.346345,0.431573
0.081618,0.415316,0.371268
0.091466,0.499577,0.268965
0.091466,0.499577,0.268965
0.080645,0.476840,0.302905
0.076711,0.478378,0.299240
0.057301,0.477328,0.297087
0.100578,0.481144,0.292768
0.059449,0.490540,0.296449
-0.001748,0.459583,0.344702
-0.029841,0.379336,0.422763
-0.039188,0.295772,0.484988
-0.032160,0.264654,0.368149
-0.011523,0.330563,0.470920
0.101105,0.404126,0.406749
0.167589,0.415909,0.371458
0.254123,0.401080,0.337168
0.337973,0.365632,0.319640
0.382086,0.320742,0.312717
0.403935,0.217230,0.326971
0.414324,0.232388,0.332214
0.425260,0.196894,0.327666
0.437517,0.151823,0.329614
0.431041,0.114221,0.343567
0.431041,0.114221,0.343567
0.361956,0.084893,0.386982
0.204859,0.091993,0.403034
0.324411,0.119981,0.403990
0.333503,0.175189,0.380698
0.369311,0.254455,0.320792
0.420390,0.249189,0.259777
0.459422,0.246170,0.208503
0.494692,0.239935,0.143137
0.512378,0.230885,0.110316
0.512378,0.230885,0.110316
0.408315,0.282721,0.251081
0.352086,0.313188,0.284294
0.360084,0.309280,0.281956
0.401677,0.275852,0.257544
0.406197,0.222722,0.249035
0.334992,0.380654,0.231616
0.346947,0.368472,0.235683
0.344216,0.351761,0.253476
0.326870,0.347191,0.268449
0.278749,0.353723,0.303892
0.145730,0.390017,0.338938
0.062252,0.422134,0.317789
0.092888,0.445365,0.296943
0.094217,0.442648,0.298267
0.106090,0.423300,0.313587
0.128497,0.402302,0.333715
0.185540,0.368359,0.343121
0.202408,0.355939,0.272595
0.200061,0.340808,0.363644
0.182706,0.329379,0.383789
0.150772,0.287918,0.426122
0.158717,0.263309,0.441732
0.148165,0.237583,0.456394
0.130875,0.227783,0.470396
0.102008,0.193337,0.474755
0.104262,0.243741,0.472391
0.113500,0.254497,0.466932
0.120042,0.267797,0.463812
0.118751,0.259748,0.466627
0.116075,0.259646,0.469090
0.113460,0.237949,0.481046
0.065863,0.192669,0.497045
0.076580,0.181573,0.505929
0.055227,0.205550,0.505064
0.052374,0.236120,0.501253
0.046914,0.287349,0.480740
0.028246,0.349694,0.451372
0.014985,0.404284,0.313196
-0.008732,0.414424,0.403905
-0.050995,0.419150,0.395682
-0.070794,0.433146,0.383129
-0.087864,0.450195,0.361909
-0.079791,0.482091,0.330002
-0.100693,0.505197,0.293986
-0.099449,0.359045,0.292256
-0.100589,0.505626,0.285471
-0.100589,0.505626,0.285471
-0.260630,0.522065,0.064521
-0.269405,0.522774,0.025762
-0.264860,0.519656,-0.017827
-0.253302,0.512664,-0.090438
-0.135707,0.515683,-0.117421
-0.211804,0.517073,-0.132377
-0.190704,0.527552,-0.134321
-0.172073,0.529221,-0.144321
-0.152349,0.536759,-0.140046
-0.134068,0.547909,-0.128642
-0.103300,0.535415,-0.043015
-0.131587,0.521268,-0.202663
-0.126101,0.517932,-0.215919
-0.087641,0.523476,-0.227542
-0.054413,0.525216,-0.241355
-0.160668,0.520233,-0.203491
-0.126293,0.530794,-0.209233
-0.111954,0.388069,-0.202780
-0.086711,0.546421,-0.211630
-0.086753,0.551713,-0.211875
-0.086753,0.551713,-0.211875
-0.099100,0.565010,-0.185655
-0.159005,0.559851,-0.151960
-0.180192,0.554479,-0.146612
-0.157089,0.519941,-0.119798
-0.393025,0.443518,-0.083185
-0.478604,0.339409,-0.045817
-0.557096,0.196235,-0.020067
-0.583772,0.016697,0.011622
-0.565480,-0.149595,0.034895
-0.503081,-0.300726,0.116594
-0.270705,-0.510643,0.079769
-0.079333,-0.571386,0.048820
0.020281,-0.578748,0.021313
0.046799,-0.574618,0.013533
0.025563,-0.577466,0.021192
-0.110978,-0.565235,0.036768
-0.366887,-0.205070,0.057006
-0.542893,-0.209447,0.066529
-0.583061,0.057856,0.032759
-0.536800,0.229340,0.026696
-0.536800,0.229340,0.026696
-0.225458,0.526350,-0.104742
-0.201537,0.532069,-0.117418
-0.121830,0.530406,-0.097638
-0.289371,0.496492,-0.051656
-0.425366,0.385363,0.002395
-0.542985,0.199760,0.012366
-0.581437,-0.006450,0.051496
-0.553020,-0.165156,0.105847
-0.490688,-0.276973,0.166912
-0.441269,-0.338229,0.169605
-0.380458,-0.383949,0.202568
-0.364965,-0.380190,0.230121
-0.416057,-0.308080,0.247996
-0.497733,-0.162644,0.230065
-0.530443,-0.017528,0.210367
-0.505113,0.161077,0.181164
-0.417224,0.361566,0.106540
-0.345648,0.450305,0.036073
-0.280390,0.504823,-0.035159
-0.217735,0.532230,-0.091757
-0.166501,0.538526,-0.172725
-0.186150,0.531294,-0.183082
-0.156409,0.499533,-0.160113
-0.359391,0.448295,-0.131117
-0.453186,0.362217,-0.083570
-0.545470,0.208637,-0.006217
-0.573004,0.097926,0.047771
-0.571655,0.003819,0.107934
-0.572030,-0.000460,0.140507
-0.559012,0.083213,0.101678
-0.559012,0.083213,0.101678
-0.362509,0.451832,-0.096057
-0.312846,0.476230,-0.169352
-0.275135,0.486879,-0.229738
-0.216484,0.495062,-0.270838
-0.159994,0.375859,-0.265965
-0.142842,0.528146,-0.258666
-0.124281,0.530893,-0.263862
-0.117766,0.535888,-0.259316
-0.110577,0.523183,-0.296424
-0.096248,0.492114,-0.363097
-0.092720,0.461592,-0.412683
-0.048166,0.412171,-0.460655
-0.086986,0.374629,-0.494865
-0.118768,0.374753,-0.492075
-0.178893,0.391900,-0.455773
-0.200809,0.423116,-0.416926
-0.205344,0.442660,-0.385019
-0.199117,0.453296,-0.152116
-0.183325,0.463750,-0.361985
-0.176686,0.466528,-0.365831
-0.162274,0.476753,-0.361619
-0.116031,0.484330,-0.362506
-0.059304,0.496872,-0.358892
-0.016759,0.493309,-0.373781
0.026790,0.358795,-0.381394
0.092331,0.462185,-0.402722
0.158472,0.393367,-0.462179
0.179876,0.380525,-0.472752
0.193298,0.367560,-0.479586
0.194652,0.363581,-0.479417
0.146105,0.422968,-0.445208
0.055173,0.473364,-0.408877
0.061336,0.499684,-0.382262
0.030395,0.522386,-0.356262
-0.012712,0.546846,-0.310789
-0.003547,0.553205,-0.307550
-0.003547,0.553205,-0.307550
0.136450,0.496508,-0.148569
0.258548,0.443888,-0.355267
0.371571,0.366163,-0.350546
0.444640,0.289028,-0.324762
0.515148,0.193149,-0.293226
0.557974,0.088348,-0.263382
0.575584,0.003892,-0.240256
0.579394,0.018316,-0.237329
0.568709,-0.126829,-0.237754
0.565060,-0.136402,-0.256681
0.542912,-0.067915,-0.328762
0.518825,0.141400,-0.340616
0.429882,0.329257,-0.334950
0.293709,0.460416,-0.322467
0.085688,0.534701,-0.295593
0.002451,0.561532,-0.264325
-0.099743,0.562362,-0.237698
-0.154187,0.555128,-0.216105
-0.160734,0.544535,-0.214324
-0.030706,0.554624,-0.252700
-0.291153,0.347158,-0.125792
0.442769,0.248553,-0.359264
0.475423,0.161914,-0.373825
0.488140,0.083243,-0.386098
0.486439,-0.012512,-0.397411
0.476640,-0.089746,-0.408276
0.446741,-0.124186,-0.426959
0.421072,-0.020022,-0.453332
0.394593,-0.151997,-0.468745
0.390594,-0.134340,-0.478011
0.390594,-0.134340,-0.478011
0.326079,0.416293,-0.342636
0.143072,0.538810,-0.281889
-0.077649,0.583757,-0.220747
-0.119944,0.555387,-0.200740
-0.290510,0.517738,-0.184883
-0.361906,0.478889,-0.161627
-0.418489,0.430078,-0.152641
-0.453738,0.391342,-0.163782
-0.483853,0.349185,-0.160265
-0.505017,0.308405,-0.028556
-0.527483,0.248614,-0.199989
-0.516661,0.249512,-0.219570
-0.512633,0.253817,-0.227096
-0.491674,0.288292,-0.233792
-0.453773,0.342049,-0.233084
-0.411853,0.393252,-0.234731
-0.364945,0.327259,-0.239495
-0.268024,0.486141,-0.268613
-0.143612,0.522240,-0.298424
-0.037572,0.533163,-0.323213
-0.037572,0.533163,-0.323213
0.206945,0.464745,-0.367769
0.228406,0.446672,-0.379313
0.143910,0.442835,-0.393930
0.235135,0.445726,-0.387841
0.229737,0.453521,-0.384500
0.238899,0.454405,-0.377367
0.237330,0.464325,-0.364462
0.243976,0.460304,-0.364352
0.262835,0.431515,-0.162997
0.280132,0.427689,-0.377819
0.320280,0.436092,-0.315580
0.304545,0.477755,-0.249382
0.236117,0.522132,-0.202112
0.149742,0.553999,-0.191669
0.086330,0.560336,-0.202148
0.057394,0.398205,-0.212494
0.051278,0.545620,-0.244740
0.065138,0.527633,-0.282893
0.077570,0.509228,-0.312518
0.091292,0.489306,-0.338447
0.110551,0.459433,-0.377325
0.121905,0.421561,-0.413315
0.073102,0.383019,-0.452216
0.095252,0.369094,-0.467600
0.039926,0.362323,-0.481205
-0.040459,0.343781,-0.492760
-0.131441,0.317077,-0.497747
-0.233343,0.286341,-0.473300
-0.387917,0.257039,-0.154624
-0.458183,0.206466,-0.317747
-0.485914,0.164570,-0.293642
-0.504304,0.133859,-0.283511
-0.510747,0.105946,-0.278502
-0.514803,0.097427,-0.265926
-0.523101,0.108292,-0.244493
-0.525076,0.150721,-0.220958
-0.524973,0.137444,-0.220343
-0.553133,0.133376,-0.082719
-0.567941,0.105133,-0.043624
-0.579484,0.028902,-0.021754
-0.575742,-0.096304,-0.025698
-0.532038,-0.254830,-0.029773
-0.270405,-0.376286,-0.019894
-0.430589,-0.408908,-0.000750
-0.412156,-0.427168,0.018083
-0.404345,-0.434579,0.032896
-0.420597,-0.419622,0.053018
-0.528645,-0.287271,0.037213
-0.561943,-0.206018,0.106349
-0.577996,-0.138356,0.075773
-0.578774,-0.085586,0.102455
-0.571594,-0.053273,0.140914
-0.561279,-0.068115,0.171817
-0.548047,-0.107807,0.197771
-0.535807,-0.148848,0.198319
-0.534688,-0.063418,0.157944
-0.494512,-0.332320,0.087440
-0.356502,-0.488677,-0.053724
-0.306957,-0.518015,-0.082059
-0.262825,-0.543710,-0.103219
-0.239021,-0.560321,-0.091804
-0.233961,-0.564049,-0.071063
-0.148367,-0.562832,-0.030858
-0.367975,-0.500451,0.024609
-0.486176,-0.371701,0.081890
-0.565539,-0.224926,0.089350
-0.595344,-0.116994,0.073770
-0.595344,-0.116994,0.073770
-0.580693,0.114030,0.122226
-0.551953,0.176464,0.109406
-0.520666,0.243930,0.101061
-0.495729,0.285234,0.089149
-0.469516,0.316778,0.087383
-0.430304,0.358190,0.097141
-0.381777,0.402482,0.100591
-0.336286,0.316979,0.116163
-0.243217,0.502333,0.060380
-0.161796,0.541526,-0.023676
-0.086929,0.559176,-0.098164
-0.114530,0.561511,-0.113725
-0.140715,0.556020,-0.131368
-0.144350,0.550600,-0.154128
-0.073665,0.554571,-0.166052
-0.144505,0.552695,-0.143303
-0.190538,0.537792,-0.154212
-0.256202,0.503446,-0.168845
-0.362750,0.433088,-0.169200
-0.431525,0.373639,-0.130458
-0.432957,0.367740,-0.013261
-0.386532,0.407464,-0.154389
-0.350486,0.430373,-0.195910
-0.302415,0.444113,-0.240785
-0.210723,0.468281,-0.290290
-0.070730,0.460720,-0.372857
0.016302,0.423364,-0.431588
0.074388,0.306560,-0.449898
0.124173,0.374931,-0.457286
0.149607,0.358211,-0.470152
0.146790,0.368447,-0.463314
0.123552,0.413332,-0.433579
0.098448,0.419125,-0.439624
0.079910,0.423299,-0.440816
0.064842,0.413079,-0.445020
0.107966,0.407820,-0.452557
0.069284,0.432764,-0.443558
-0.045428,0.474855,-0.395646
-0.165895,0.505523,-0.303457
-0.384404,0.450364,-0.141843
-0.558388,0.260540,0.039644
-0.612566,0.119241,0.024187
-0.621790,0.059392,0.061044
-0.622828,-0.040452,0.104513
-0.600204,-0.142477,0.161156
-0.574979,-0.209209,0.197933
-0.525168,-0.256562,0.265072
-0.488852,-0.095686,0.320285
-0.493308,-0.220867,0.337062
-0.533039,-0.162021,0.302033
-0.570299,-0.080706,0.265934
-0.582778,0.083597,0.202644
-0.549351,0.224046,0.186037
-0.504054,0.264587,0.238233
-0.262529,0.275086,0.304107
-0.349915,0.322133,0.353899
-0.219843,0.366534,0.394013
-0.134175,0.382267,0.408063
-0.045606,0.408587,0.394896
-0.045606,0.408587,0.394896
-0.044425,0.413454,0.298208
-0.045606,0.408587,0.394896
-0.199926,0.594682,0.027689
0.002623,0.610023,0.004002
-0.167850,0.590307,0.004466
-0.357677,0.497679,0.014602
-0.491621,0.371791,0.020780
-0.553811,0.230887,0.011048
-0.599246,0.168661,-0.015873
-0.617891,0.065898,-0.042439
-0.620634,-0.046432,-0.065105
-0.594110,-0.181538,-0.085840
-0.540293,-0.305224,-0.075875
-0.489574,-0.388431,-0.056831
-0.264022,-0.437036,-0.046271
-0.455583,-0.440891,0.009516
-0.503210,-0.374985,0.071320
-0.577714,-0.221845,0.108762
-0.574745,0.246394,-0.017335
-0.476040,0.403218,-0.081567
-0.408891,0.462797,0.008196
-0.331599,0.520474,-0.075332
-0.254254,0.566083,-0.050437
-0.206943,0.580791,-0.035894
-0.241243,0.566445,-0.033617
-0.300498,0.540757,-0.037806
-0.404424,0.467548,-0.034419
-0.519253,0.267235,-0.026225
-0.519810,0.338932,-0.029544
-0.619318,-0.021895,-0.080818
-0.607780,-0.079487,-0.118322
-0.589853,-0.112118,-0.154630
-0.573347,-0.130126,-0.192814
-0.559828,-0.135863,-0.212118
-0.325246,-0.126308,-0.231054
-0.553278,-0.115704,-0.220409
-0.560223,-0.140224,-0.177937
-0.542191,-0.252972,-0.064929
-0.524202,-0.294909,0.004755
-0.534224,-0.254280,0.038174
-0.559452,-0.186195,0.105400
-0.579734,-0.055407,0.053746
-0.576512,0.046609,0.045338
-0.554387,0.166437,-0.005370
-0.509591,0.264986,-0.056567
-0.455278,0.334481,-0.108953
-0.432954,0.363655,-0.115419
-0.427824,0.277470,-0.150309
-0.434335,0.325200,-0.190061
-0.369007,0.360891,-0.254354
-0.363581,0.361401,-0.265361
-0.350379,0.370742,-0.269587
-0.354852,0.382349,-0.237313
-0.372122,0.369903,-0.223189
-0.237436,0.303293,-0.259275
-0.419139,0.245820,-0.293331
-0.443654,0.185774,-0.302395
-0.461763,0.128911,-0.297122
-0.499448,0.011876,-0.273057
-0.499448,0.011876,-0.273057
-0.477475,-0.305818,-0.022178
-0.417193,-0.393311,-0.129031
-0.348155,-0.462478,-0.103570
-0.239588,-0.536717,-0.062559
-0.109035,-0.581807,-0.001314
-0.001041,-0.594238,0.044118
0.018618,-0.588328,0.054537
-0.055233,-0.291843,0.050137
-0.160388,-0.570844,0.077641
-0.378102,-0.456159,0.063927
-0.537117,-0.240258,0.048478
-0.555157,-0.157578,0.060626
-0.566326,-0.103930,0.071615
-0.569521,-0.039272,0.072293
-0.334665,0.013698,0.108368
-0.542158,0.005200,0.180329
-0.527896,-0.020684,0.220191
-0.550903,-0.015809,0.153497
-0.548847,-0.082429,0.139576
-0.529839,-0.152932,0.147479
-0.530030,-0.153719,0.163105
-0.413148,-0.378009,0.168697
-0.401191,-0.410663,0.081498
-0.409549,-0.412331,0.011298
-0.389354,-0.421966,-0.010330
-0.392071,-0.416777,-0.008112
-0.408031,-0.397888,-0.013657
-0.441687,-0.148852,-0.027242
-0.452276,-0.343983,-0.002297
-0.449833,-0.343477,0.013425
-0.438172,-0.351408,0.037925
-0.406599,-0.383796,0.073035
-0.389760,-0.390875,0.105928
-0.390039,-0.386563,0.125145
-0.225530,-0.393808,0.136921
-0.360901,-0.412598,0.139362
-0.293091,-0.466345,0.147135
-0.190752,-0.525283,0.147468
-0.097915,-0.555107,0.147775
-0.011693,-0.571222,0.139030
0.104631,-0.573910,0.146910
0.213429,-0.548890,0.103837
0.315049,-0.501568,0.090757
0.315049,-0.501568,0.090757
0.315049,-0.501568,0.090757
0.315049,-0.501568,0.090757
0.382336,-0.456440,0.074538
0.281092,-0.251359,0.100175
0.160042,-0.561327,0.149927
-0.015138,-0.569032,0.200849
-0.121416,-0.545438,0.221614
-0.165333,-0.525684,0.229700
-0.169058,-0.531471,0.214238
-0.147619,-0.542807,0.199955
-0.054324,-0.559134,0.168084
-0.004599,-0.581587,0.107881
0.069030,-0.582693,0.039131
0.232967,-0.524369,-0.097730
0.276586,-0.505759,-0.107592
0.293456,-0.499057,-0.086258
0.306479,-0.498650,0.034323
0.335375,-0.479261,-0.067035
0.353750,-0.466360,-0.064207
0.377535,-0.453010,-0.071168
0.397157,-0.436334,-0.064889
0.405093,-0.428214,-0.070211
0.364377,-0.462167,-0.070591
0.362444,-0.213617,-0.082095
-0.064972,-0.576387,0.067085
-0.225762,-0.531633,0.095995
-0.324072,-0.472480,0.090751
-0.381072,-0.430171,0.072463
-0.439585,-0.365423,0.054365
-0.488598,-0.286110,0.007574
-0.310409,-0.207548,-0.035749
-0.557092,-0.093190,-0.038192
-0.558812,-0.022454,-0.053586
-0.552296,0.049445,-0.093397
-0.491940,0.164318,-0.235319
-0.465073,0.180807,-0.278863
-0.435373,0.193951,-0.125730
-0.401187,0.233767,-0.345154
-0.382882,0.265495,-0.349264
-0.359220,0.294720,-0.356961
-0.347300,0.298780,-0.360927
-0.340622,0.304448,-0.369761
-0.352727,0.302361,-0.352537
-0.357889,0.260123,-0.334745
-0.358335,0.317481,-0.337399
-0.394793,0.260112,-0.345237
-0.420879,0.218169,-0.346629
-0.449097,0.127850,-0.356674
-0.466788,0.046771,-0.368482
-0.487915,0.006146,-0.344513
-0.298014,-0.041963,-0.311723
-0.523923,-0.067118,-0.272750
-0.530666,-0.070325,-0.260389
-0.530827,-0.043683,-0.265263
-0.530827,-0.043683,-0.265263
-0.533793,0.120220,-0.243709
-0.514006,0.189456,-0.075952
-0.454989,0.264679,-0.295003
-0.361977,0.318859,-0.364115
-0.256305,0.386973,-0.397619
-0.146825,0.428452,-0.400812
-0.071564,0.449093,-0.403855
-0.035950,0.460660,-0.403591
-0.030822,0.337208,-0.413699
-0.105807,0.447266,-0.414294
-0.277223,0.378612,-0.411549
-0.403246,0.330410,-0.350825
-0.522783,0.243401,-0.254403
-0.609176,0.105902,-0.130543
-0.626603,-0.038256,-0.016880
-0.361896,-0.127736,0.038801
-0.566177,-0.231650,0.144270
-0.528745,-0.257646,0.234830
-0.499725,-0.284171,0.258778
-0.494541,-0.290116,0.271127
-0.494541,-0.290116,0.271127
-0.519895,-0.229379,0.248561
-0.540674,-0.163442,0.279134
-0.554814,-0.066056,0.286915
-0.555493,0.003506,0.294617
-0.546864,0.082747,0.292056
-0.515883,0.213123,0.266237
-0.411060,0.392422,0.226373
-0.262039,0.375337,0.168410
-0.129283,0.596295,0.088676
-0.040428,0.611505,0.060247
-0.032570,0.613844,0.064901
-0.125645,0.593533,0.116669
-0.125645,0.593533,0.116669
-0.125645,0.593533,0.116669
-0.073594,0.593128,0.116084
-0.224834,0.280440,0.008576
-0.559029,0.286570,-0.031514
-0.575686,0.246612,-0.047668
-0.604605,0.161598,-0.005777
-0.612568,0.127424,0.018954
-0.596610,0.171328,0.087799
-0.581853,0.199361,0.052876
-0.548811,0.205795,0.155330
-0.514092,0.172716,0.255956
-0.499616,0.073986,0.327102
-0.434832,-0.037285,0.403099
-0.402720,-0.119331,0.428372
-0.394943,-0.061123,0.402528
-0.375907,-0.260073,0.388480
-0.330610,-0.302817,0.391151
-0.313057,-0.328796,0.380018
-0.311427,-0.342562,0.364864
-0.311932,-0.378773,0.324082
-0.304565,-0.408492,0.284121
-0.132038,-0.476780,0.248887
-0.145233,-0.515231,0.202289
-0.145233,-0.515231,0.202289
0.055447,-0.548547,0.149333
0.070015,-0.548599,0.147953
0.097982,-0.550787,0.134384
0.132116,-0.545315,0.151075
0.139176,-0.540805,0.112816
0.133769,-0.539869,0.121329
0.149677,-0.530304,0.112207
0.157386,-0.524486,0.126409
0.145443,-0.521809,0.127636
0.132339,-0.528014,0.122009
0.152647,-0.247561,0.108768
0.170710,-0.509180,0.108557
0.132460,-0.517958,0.105768
0.157730,-0.513511,0.091922
0.198808,-0.498543,0.076191
0.235833,-0.482528,0.066526
0.257019,-0.477156,0.061177
0.168224,-0.475546,0.043932
0.271345,-0.478203,-0.025088
0.286702,-0.461353,-0.100062
0.286702,-0.461353,-0.100062
0.434343,-0.322719,-0.151884
0.489254,-0.250759,-0.148577
0.518826,-0.190359,-0.016570
0.548801,-0.120106,-0.132273
0.557606,-0.049697,-0.142920
0.556321,-0.024956,-0.162253
0.547555,-0.039228,-0.191824
0.540176,-0.087379,-0.204065
0.515880,-0.134233,-0.239225
0.483902,-0.018131,-0.297626
0.430057,-0.124662,-0.362436
0.451141,-0.283549,-0.250963
0.401302,-0.368742,-0.228234
0.357883,-0.411102,-0.218486
0.327674,-0.437263,-0.218136
0.313241,-0.440751,-0.225087
0.184897,-0.448767,-0.228081
0.253812,-0.497196,-0.195087
0.184523,-0.561495,-0.112434
0.161651,-0.583368,-0.067474
0.161651,-0.583368,-0.067474
0.340624,-0.464460,-0.178198
0.398090,-0.335558,-0.100669
0.405757,-0.226146,-0.361088
0.402847,-0.133009,-0.401774
0.378621,-0.026662,-0.439185
0.348923,0.069426,-0.455431
0.330992,0.149828,-0.450458
0.313964,0.244869,-0.421908
0.308473,0.234925,-0.399542
0.308147,0.276881,-0.401484
0.337867,0.209554,-0.405987
0.302725,0.281846,-0.394372
0.290321,0.322214,-0.381540
0.299376,0.330851,-0.371125
0.313733,0.338124,-0.360708
0.214793,0.321083,-0.346638
0.388100,0.279990,-0.345528
0.408141,0.254700,-0.344587
0.431910,0.236583,-0.329462
0.439575,0.238126,-0.308996
0.398539,0.284771,-0.337377
0.357707,0.299487,-0.151438
0.329976,0.320399,-0.378275
0.321050,0.310928,-0.398359
0.358449,0.267046,-0.397971
0.467928,0.083251,-0.356743
0.479984,-0.141503,-0.324620
0.397603,-0.393540,-0.233108
0.285319,-0.250029,-0.130473
0.205133,-0.570784,-0.062494
0.110737,-0.599267,-0.005478
-0.005052,-0.606664,0.055661
-0.066220,-0.597910,0.075378
-0.127454,-0.582603,0.096005
-0.158360,-0.562486,0.120911
-0.127785,-0.538694,0.141294
-0.219761,-0.535579,0.147069
-0.219761,-0.535579,0.147069
-0.219761,-0.535579,0.147069
-0.219761,-0.535579,0.147069
-0.249896,-0.539593,0.126977
-0.226365,-0.550501,0.156198
-0.228883,-0.551320,0.146691
-0.215967,-0.548618,0.169470
-0.210743,-0.551672,0.176831
-0.233306,-0.542237,0.176655
-0.280765,-0.526151,0.153406
-0.317729,-0.510515,0.137335
-0.392962,-0.210377,0.135209
-0.419338,-0.422630,0.164772
-0.423469,-0.413706,0.171686
-0.416955,-0.422369,0.185359
-0.386974,-0.434009,0.228018
-0.359653,-0.432032,0.262797
-0.319326,-0.426985,0.313057
-0.141947,-0.418019,0.367612
-0.108281,-0.395751,0.443844
0.317046,-0.355448,0.359389
0.415044,-0.374929,0.258448
0.445083,-0.394522,0.197127
0.480050,-0.391078,0.149242
0.523796,-0.363755,0.123590
0.575663,-0.283857,0.048519
0.595762,-0.203778,0.079760
0.576063,-0.178449,0.156468
0.523040,-0.152519,0.252949
0.447007,-0.079403,0.359641
0.447007,-0.079403,0.359641
0.118959,-0.027897,0.535779
0.024434,-0.150689,0.560769
-0.061645,-0.153094,0.570372
-0.113715,-0.109589,0.579879
-0.135741,-0.022848,0.590672
-0.158799,0.054178,0.584940
-0.182923,0.098141,0.580754
-0.131643,0.116385,0.576887
-0.258551,0.148348,0.565956
-0.262937,0.204002,0.562212
-0.275272,0.349784,0.499780
-0.239976,0.398270,0.500763
-0.203190,0.417397,0.507943
-0.111787,0.455392,0.367490
-0.006597,0.427317,0.540391
0.098151,0.363287,0.562773
0.240654,0.278684,0.541991
0.413576,0.210194,0.406053
0.508698,0.202073,0.211190
0.523816,0.293030,0.106089
0.476280,0.402882,0.236227
0.011095,0.568471,0.303102
-0.084670,0.526158,0.372909
-0.190573,0.468014,0.418088
-0.292154,0.388085,0.449666
-0.367132,0.364517,0.432214
-0.395913,0.405679,0.379678
-0.236781,0.446982,0.345584
-0.378714,0.494289,0.320769
-0.311587,0.561966,0.302292
-0.311587,0.561966,0.302292
0.013979,0.634966,0.344879
0.201928,0.587424,0.366746
0.306677,0.545246,0.269870
0.400223,0.469194,0.349303
0.465780,0.396604,0.338562
0.457921,0.380607,0.343035
0.321718,0.405152,0.428411
0.110299,0.373741,0.536667
-0.045779,0.279535,0.598659
-0.152144,0.140263,0.629405
-0.199639,-0.048554,0.639925
-0.141924,-0.149353,0.640291
-0.102807,-0.224383,0.629970
-0.057302,-0.266269,0.615611
-0.007761,-0.301082,0.591171
0.033505,-0.318109,0.581775
0.046654,-0.294646,0.585388
0.107189,-0.276659,0.585065
0.170299,-0.232358,0.585919
0.253382,-0.184953,0.574264
0.253382,-0.184953,0.574264
0.322204,-0.119846,0.527980
0.389054,-0.105190,0.357178
0.434092,-0.073907,0.435977
0.483228,-0.009357,0.377813
0.531249,0.060153,0.300018
0.562573,0.069065,0.222801
0.576509,0.078700,0.160311
0.585024,0.111048,0.093191
0.573788,0.151038,0.013812
0.573779,0.152101,0.013763
0.573779,0.152101,0.013763
0.411209,0.265976,-0.280838
0.381671,0.238480,-0.332608
0.329231,0.242235,-0.372215
0.301524,0.252324,-0.384495
0.163459,0.278899,-0.391407
0.252222,0.301774,-0.388643
0.271580,0.322823,-0.364364
0.367940,0.291132,-0.327610
0.500089,0.173432,-0.239963
0.587168,-0.015281,-0.097538
0.581112,-0.178126,0.070742
0.526836,-0.303442,0.052420
0.437453,-0.410938,0.079069
0.398269,-0.448137,0.064261
0.400310,-0.443824,0.004583
0.407155,-0.432006,-0.021525
0.426862,-0.416347,-0.021266
0.447321,-0.182937,-0.015341
0.438210,-0.421473,0.026161
0.452494,-0.418597,0.045275
0.458766,-0.415966,0.070561
0.476696,-0.391244,0.100754
0.486840,-0.378122,0.126722
0.454313,-0.390625,0.196840
0.208530,-0.446937,0.281169
0.341314,-0.447969,0.279677
0.150822,-0.472342,0.401924
0.093941,-0.482789,0.409135
0.054162,-0.482848,0.416879
0.000280,-0.497321,0.398761
-0.043136,-0.517821,0.289092
-0.070666,-0.549329,0.290367
-0.109599,-0.559556,0.237905
-0.174260,-0.548812,0.218743
-0.229561,-0.539095,0.192240
-0.253373,-0.529343,0.185997
-0.189520,-0.552976,0.173005
-0.132373,-0.277952,0.179002
-0.094574,-0.563185,0.202712
-0.093027,-0.566368,0.187068
-0.102015,-0.567901,0.166616
-0.143000,-0.559277,0.159412
-0.199468,-0.542078,0.115588
-0.287752,-0.504422,0.063904
-0.217509,-0.438256,-0.029767
-0.429918,-0.361089,-0.085484
-0.502241,-0.241289,-0.093841
-0.533205,-0.190010,-0.084940
-0.549231,-0.115413,-0.122188
-0.554854,-0.029359,-0.152807
-0.568943,0.038202,-0.024726
-0.575732,0.044363,-0.119583
-0.587601,-0.001809,-0.091824
-0.583375,-0.034912,-0.090338
-0.578063,-0.051256,-0.081148
-0.572847,-0.083010,-0.054255
-0.572847,-0.083010,-0.054255
-0.517096,-0.080989,0.033579
-0.482804,-0.295004,0.078294
-0.453902,-0.326110,0.114589
-0.448750,-0.323995,0.124138
-0.443457,-0.328128,0.126695
-0.434033,-0.341184,0.122338
-0.387272,-0.394276,0.120618
-0.201494,-0.429167,0.075188
-0.368924,-0.406060,0.037230
-0.360985,-0.410212,0.039757
-0.328013,-0.432738,0.062260
-0.325226,-0.439006,0.055238
-0.317137,-0.446638,0.048218
-0.341792,-0.432168,0.105569
-0.325131,-0.441346,0.049279
-0.318429,-0.450596,0.048417
-0.333076,-0.434486,0.045413
-0.342279,-0.430078,0.038035
-0.338298,-0.435522,0.040668
-0.339611,-0.436835,0.040744
-0.341466,-0.198375,0.029707
-0.367474,-0.416469,0.034056
-0.391601,-0.395730,0.045507
-0.422347,-0.362666,0.049184
-0.434299,-0.345008,0.041223
-0.451458,-0.328326,0.027302
-0.463640,-0.318446,0.042758
-0.283077,-0.292624,0.050388
-0.499956,-0.249623,0.044841
-0.540311,-0.157851,0.037413
-0.561018,-0.054755,0.037725
-0.559916,0.113621,-0.056244
-0.538367,0.171002,-0.124676
-0.491040,0.249945,-0.049247
-0.439270,0.326711,-0.219194
-0.403307,0.346545,-0.252078
